"station"	"x"	"y"	"X.m"	"Y.m"	"year"	"Fit"	"var"
"1.1"	-60.9173561290323	46.8318080645161	576506.761688737	345716.596799721	"1979"	20.9784324371745	550.041249266791
"1.2"	-60.7518202564103	47.1677838461538	585015.132779311	384126.153365578	"1979"	29.5225260941133	1099.3115827666
"1.3"	-60.7518171794872	47.4991305128205	581044.327850851	420658.123280453	"1979"	11.3558208982288	184.979546748759
"1.4"	-60.7516643243243	47.8320867567568	577067.272234514	457350.99505047	"1979"	3.43087620561221	17.8177296806362
"1.5"	-60.7526330555556	48.1658583333333	572999.485433382	494107.962817711	"1979"	0.40922118210274	0.244420694527389
"10.1"	-65.248061	47.9340275	242069.540821145	442876.545197071	"1979"	94.783224716295	11562.907631097
"11.1"	-65.7493197435897	47.9999905128205	204495.759083768	448615.006944755	"1979"	869.752952839997	973576.69487794
"12.1"	-66.12838	48.0495311111111	176144.283722934	453092.182698747	"1979"	367.198480477928	170829.710437811
"2.1"	-61.2526164102564	46.5002064102564	554828.325564076	306449.255368057	"1979"	24.4471680578289	743.580307418396
"2.2"	-61.2438139473684	46.832285	551767.937178606	343195.641458842	"1979"	18.346172959885	417.818765418221
"2.3"	-61.252303	47.16639625	547376.253565787	380013.146143648	"1979"	22.182063559604	622.406675820918
"2.4"	-61.2342417073171	47.4981892682927	545005.94223114	416758.667907858	"1979"	22.5860173132915	651.236984450934
"2.5"	-61.2438780487805	47.8291019512195	540572.515011676	453178.259948557	"1979"	12.2385719393315	199.079869114367
"2.6"	-61.249757	48.164506	536377.311145493	490105.572835156	"1979"	4.59951071948064	29.9332873270823
"3.1"	-61.7637307692308	45.8336828205128	522781.229103154	228891.006830664	"1979"	37.2627714509809	1744.33143637604
"3.2"	-61.75005525	46.1677375	520342.221395964	265956.570860579	"1979"	13.7537741077584	236.694440384249
"3.3"	-61.7483046153846	46.4992884615385	517007.009451745	302635.547333685	"1979"	36.4631476244435	1651.65168136058
"3.4"	-61.74711625	46.832917	513607.623211568	339518.89023448	"1979"	35.8700298785769	1615.63966953274
"3.5"	-61.75069	47.1599873170732	509918.766809975	375623.75670084	"1979"	43.4808688619353	2343.88329767301
"3.6"	-61.8283812195122	47.5850885365854	499677.478040302	422010.615230489	"1979"	84.3345494219932	8950.64714598236
"3.7"	-61.7473371052632	47.8309984210526	503161.171188203	449715.830809922	"1979"	59.5655646647488	4523.55194386566
"3.8"	-61.746232051282	48.1685343589744	499718.885476494	486955.508090221	"1979"	9.3398346279894	119.794322631473
"3.9"	-61.7488010810811	48.3275886486486	497869.760815293	504476.493661616	"1979"	1.74203388562837	4.23606497110574
"4.1"	-62.24718475	45.83468	485351.413587291	225595.978590349	"1979"	11.9609096662135	179.907204044928
"4.2"	-62.2434276923077	46.1633033333333	482452.767287601	262008.976970938	"1979"	27.3480240073337	936.783479606301
"4.3"	-62.250151025641	46.5709517948718	477985.988029402	307071.704417749	"1979"	101.879634006604	12890.3859264635
"4.4"	-62.2505841463415	46.8321714634146	475423.655106098	335957.255319153	"1979"	45.371747957852	2551.89137990931
"4.5"	-62.2521246341463	47.1651790243902	472084.728170839	372756.753925677	"1979"	77.29113601585	7414.61525238631
"4.6"	-62.24517	47.5011043902439	469356.688484007	409915.382459566	"1979"	402.559149671501	203613.856430466
"4.7"	-62.2483505128205	47.8323856410256	465914.59086071	446476.524059965	"1979"	216.80006886834	59130.0755509212
"4.8"	-62.2504902564103	48.1688097435897	462504.340291844	483595.651234126	"1979"	18.4068680750731	435.120400603533
"4.9"	-62.2470755263158	48.3859226315789	460657.842687668	507573.096047843	"1979"	1.22566072875142	2.07779507863975
"5.1"	-62.7493007692308	46.5058253846154	440477.550379991	296661.878309954	"1979"	60.8534503430482	4759.94132165061
"5.2"	-62.7510334146341	46.8296082926829	437460.379930388	332481.664246332	"1979"	99.5275608878356	12501.790237918
"5.3"	-62.7504125	47.16851725	434489.329611461	369969.419551971	"1979"	126.557915159546	20004.6816281418
"5.4"	-62.7492063414634	47.4997248780488	431631.582391272	406589.877635884	"1979"	198.343340899079	48984.0744200841
"5.5"	-62.74741075	47.83225475	428806.100789692	443342.162514868	"1979"	167.252073186513	34920.982408752
"5.6"	-62.7519592682927	48.1672929268293	425489.201159275	480316.822176966	"1979"	14.8237751558347	275.860890055864
"5.7"	-62.747265	48.4304765789474	423495.157736089	509399.680779149	"1979"	1.63401989852127	3.46852615030675
"6.1"	-63.2491402564103	46.5102930769231	402227.751240551	294213.437413658	"1979"	118.812147468135	17720.7291099828
"6.2"	-63.2513482926829	46.8322463414634	399439.65018915	329847.976858142	"1979"	136.554381350705	23398.1141919055
"6.3"	-63.2510085365854	47.1676492682927	396738.067509929	366965.993357103	"1979"	163.298650221202	33285.940597293
"6.4"	-63.2500287804878	47.498067804878	394126.01073903	403517.092168064	"1979"	126.609602946181	20118.7099265406
"6.5"	-63.248466	47.834712	391507.052326201	440741.797609754	"1979"	49.1469583305801	3009.5442451501
"6.6"	-63.2519595121951	48.1677836585366	388543.07675857	477527.130966415	"1979"	12.8794279189185	205.736391595499
"6.7"	-63.2472797435897	48.4961161538462	386222.153699888	513817.841434508	"1979"	2.98091739729577	11.2199064006242
"6.8"	-63.2502525	48.70224625	384331.222462968	536562.272363894	"1979"	1.42303528170507	2.67395744389193
"7.1"	-63.7464597560976	46.8334304878049	361809.647637546	327345.59855544	"1979"	273.899840083342	96927.204511716
"7.2"	-63.7521	47.16577375	358936.059132761	364112.673385711	"1979"	269.526207340639	93161.8125298218
"7.3"	-63.749593902439	47.5006512195122	356661.650815312	401182.17278995	"1979"	152.275558980446	28852.2814273127
"7.4"	-63.750308	47.833669	354159.767423131	438011.844371817	"1979"	47.8318987450102	2844.51447690844
"7.5"	-63.7489702439024	48.1676275609756	351804.534465203	474938.878470963	"1979"	16.4389929801299	336.566637603348
"7.6"	-63.7488834146341	48.498637804878	349378.777948225	511518.254921844	"1979"	5.97350957698604	44.8989290210021
"7.7"	-63.7510243589744	48.8298515384615	346789.94894362	548094.97044429	"1979"	1.53093859398623	3.04930036908052
"8.1"	-64.3730758974359	46.8332743589744	314173.468348785	324368.658229168	"1979"	36.5012586286061	1806.76788522734
"8.2"	-64.25039625	47.1666125	321306.779365656	361837.14568484	"1979"	213.981958404178	58046.7019370003
"8.3"	-64.250246097561	47.500507804878	319120.314489205	398802.322525997	"1979"	220.437213355209	60691.0784039157
"8.4"	-64.2504348717949	47.8342966666667	316910.218128317	435736.23285387	"1979"	122.682253943737	19202.8320846564
"8.5"	-64.2552680487805	48.16834	314356.094123475	472661.040811167	"1979"	41.0345164174431	2144.57993226946
"8.6"	-64.08243375	48.4981325	324886.569876582	509890.997265977	"1979"	11.9873244426312	180.47273532431
"8.7"	-64.0885979487179	48.7484051282051	322726.770506379	537518.766384427	"1979"	7.85789235693127	78.5594104494135
"9.1"	-64.6664007317073	46.8345875609756	291857.687428302	323272.120984389	"1979"	83.029301183191	9581.33367890182
"9.2"	-64.74548	47.1700507317073	283890.788511935	360124.435980723	"1979"	80.6169767379283	8456.30345924496
"9.3"	-64.6624956097561	47.501352195122	288190.146874108	397146.465984739	"1979"	220.210088883899	62582.4757879387
"9.4"	-64.75479125	47.93580625	278746.181661153	444868.431379192	"1979"	51.3760848045544	3316.64371746425
"9.5"	-64.7479702564103	48.1625905128205	277936.605103154	469986.114073412	"1979"	84.1680794308407	8821.79172196303
"1.1"	-60.9173561290323	46.8318080645161	576506.761688737	345716.596799721	"1983"	6.08671817974939	45.9592993575566
"1.2"	-60.7518202564103	47.1677838461538	585015.132779311	384126.153365578	"1983"	10.0874791701173	126.277241602698
"1.3"	-60.7518171794872	47.4991305128205	581044.327850851	420658.123280453	"1983"	9.25873448021601	108.737741137526
"1.4"	-60.7516643243243	47.8320867567568	577067.272234514	457350.99505047	"1983"	4.23068528096562	23.0362704521893
"1.5"	-60.7526330555556	48.1658583333333	572999.485433382	494107.962817711	"1983"	0.544805262658799	0.385477115668028
"10.1"	-65.248061	47.9340275	242069.540821145	442876.545197071	"1983"	9.18585200212977	107.796648355935
"11.1"	-65.7493197435897	47.9999905128205	204495.759083768	448615.006944755	"1983"	28.2501743735249	1020.27148383939
"12.1"	-66.12838	48.0495311111111	176144.283722934	453092.182698747	"1983"	4.40169180886927	24.2996549574655
"2.1"	-61.2526164102564	46.5002064102564	554828.325564076	306449.255368057	"1983"	12.595214746809	196.731958850148
"2.2"	-61.2438139473684	46.832285	551767.937178606	343195.641458842	"1983"	5.97310766695897	44.1585566941408
"2.3"	-61.252303	47.16639625	547376.253565787	380013.146143648	"1983"	13.1874616850182	216.387656749324
"2.4"	-61.2342417073171	47.4981892682927	545005.94223114	416758.667907858	"1983"	20.3976939973869	517.340507875509
"2.5"	-61.2438780487805	47.8291019512195	540572.515011676	453178.259948557	"1983"	20.2066033992771	510.759005178656
"2.6"	-61.249757	48.164506	536377.311145493	490105.572835156	"1983"	4.31269216509091	23.6570288413682
"3.1"	-61.7637307692308	45.8336828205128	522781.229103154	228891.006830664	"1983"	71.0081670844665	6308.45427109946
"3.2"	-61.75005525	46.1677375	520342.221395964	265956.570860579	"1983"	26.3223663496145	863.483919538136
"3.3"	-61.7483046153846	46.4992884615385	517007.009451745	302635.547333685	"1983"	30.6884693967816	1167.4104509185
"3.4"	-61.74711625	46.832917	513607.623211568	339518.89023448	"1983"	12.1151060400414	182.830350020354
"3.5"	-61.75069	47.1599873170732	509918.766809975	375623.75670084	"1983"	31.7128125838279	1243.92887883786
"3.6"	-61.8283812195122	47.5850885365854	499677.478040302	422010.615230489	"1983"	65.1468534313431	5276.28591969554
"3.7"	-61.7473371052632	47.8309984210526	503161.171188203	449715.830809922	"1983"	85.3291562300982	9067.95543149373
"3.8"	-61.746232051282	48.1685343589744	499718.885476494	486955.508090221	"1983"	10.9789100699472	152.657659500573
"3.9"	-61.7488010810811	48.3275886486486	497869.760815293	504476.493661616	"1983"	1.80664227171189	4.17136020660948
"4.1"	-62.24718475	45.83468	485351.413587291	225595.978590349	"1983"	34.754275531929	1511.34474285676
"4.2"	-62.2434276923077	46.1633033333333	482452.767287601	262008.976970938	"1983"	47.4026538922021	2801.04931326992
"4.3"	-62.250151025641	46.5709517948718	477985.988029402	307071.704417749	"1983"	50.8522529622446	3204.64236715977
"4.4"	-62.2505841463415	46.8321714634146	475423.655106098	335957.255319153	"1983"	11.7573483040587	171.08876365085
"4.5"	-62.2521246341463	47.1651790243902	472084.728170839	372756.753925677	"1983"	32.9261398170588	1342.40235975039
"4.6"	-62.24517	47.5011043902439	469356.688484007	409915.382459566	"1983"	294.448469948299	108008.679782427
"4.7"	-62.2483505128205	47.8323856410256	465914.59086071	446476.524059965	"1983"	274.544221972614	93777.0261772948
"4.8"	-62.2504902564103	48.1688097435897	462504.340291844	483595.651234126	"1983"	96.9234432120693	11745.8686835056
"4.9"	-62.2470755263158	48.3859226315789	460657.842687668	507573.096047843	"1983"	4.66767988931874	28.1349779561815
"5.1"	-62.7493007692308	46.5058253846154	440477.550379991	296661.878309954	"1983"	21.434867625245	587.376709556317
"5.2"	-62.7510334146341	46.8296082926829	437460.379930388	332481.664246332	"1983"	26.2316191523024	859.480096952085
"5.3"	-62.7504125	47.16851725	434489.329611461	369969.419551971	"1983"	63.0410188445639	4939.32546555431
"5.4"	-62.7492063414634	47.4997248780488	431631.582391272	406589.877635884	"1983"	205.090148559455	52185.0407414085
"5.5"	-62.74741075	47.83225475	428806.100789692	443342.162514868	"1983"	452.958635377365	254822.896204154
"5.6"	-62.7519592682927	48.1672929268293	425489.201159275	480316.822176966	"1983"	68.6712455337882	5869.5173169794
"5.7"	-62.747265	48.4304765789474	423495.157736089	509399.680779149	"1983"	8.83209212947622	98.9618068968932
"6.1"	-63.2491402564103	46.5102930769231	402227.751240551	294213.437413658	"1983"	26.119436378467	848.049661428082
"6.2"	-63.2513482926829	46.8322463414634	399439.65018915	329847.976858142	"1983"	29.8917379613557	1110.61787410089
"6.3"	-63.2510085365854	47.1676492682927	396738.067509929	366965.993357103	"1983"	51.4625099288208	3286.35403178706
"6.4"	-63.2500287804878	47.498067804878	394126.01073903	403517.092168064	"1983"	93.6424563128224	10920.9539058103
"6.5"	-63.248466	47.834712	391507.052326201	440741.797609754	"1983"	121.189598099967	18227.6424208486
"6.6"	-63.2519595121951	48.1677836585366	388543.07675857	477527.130966415	"1983"	52.8783278727551	3461.12552550444
"6.7"	-63.2472797435897	48.4961161538462	386222.153699888	513817.841434508	"1983"	13.6927147394284	234.481426508068
"6.8"	-63.2502525	48.70224625	384331.222462968	536562.272363894	"1983"	7.97152238343159	81.7679454420895
"7.1"	-63.7464597560976	46.8334304878049	361809.647637546	327345.59855544	"1983"	40.6336291079861	2107.94880371179
"7.2"	-63.7521	47.16577375	358936.059132761	364112.673385711	"1983"	38.7873411113187	1911.45251761363
"7.3"	-63.749593902439	47.5006512195122	356661.650815312	401182.17278995	"1983"	46.9062542793307	2724.70354205915
"7.4"	-63.750308	47.833669	354159.767423131	438011.844371817	"1983"	47.7706180619362	2827.29785167601
"7.5"	-63.7489702439024	48.1676275609756	351804.534465203	474938.878470963	"1983"	35.8216447031397	1592.29438102548
"7.6"	-63.7488834146341	48.498637804878	349378.777948225	511518.254921844	"1983"	16.9160110840026	357.009294873657
"7.7"	-63.7510243589744	48.8298515384615	346789.94894362	548094.97044429	"1983"	8.82661720339799	99.03710467161
"8.1"	-64.3730758974359	46.8332743589744	314173.468348785	324368.658229168	"1983"	8.06356072486631	81.3373449235708
"8.2"	-64.25039625	47.1666125	321306.779365656	361837.14568484	"1983"	32.5463395614153	1315.4665688661
"8.3"	-64.250246097561	47.500507804878	319120.314489205	398802.322525997	"1983"	40.0616105815457	1988.43762897868
"8.4"	-64.2504348717949	47.8342966666667	316910.218128317	435736.23285387	"1983"	37.7144269338025	1803.66021816947
"8.5"	-64.2552680487805	48.16834	314356.094123475	472661.040811167	"1983"	23.1922340192243	682.098747113284
"8.6"	-64.08243375	48.4981325	324886.569876582	509890.997265977	"1983"	16.527984462334	340.355335251982
"8.7"	-64.0885979487179	48.7484051282051	322726.770506379	537518.766384427	"1983"	16.2778351808157	332.327381877306
"9.1"	-64.6664007317073	46.8345875609756	291857.687428302	323272.120984389	"1983"	25.1765040856323	793.107041452147
"9.2"	-64.74548	47.1700507317073	283890.788511935	360124.435980723	"1983"	19.1436768918336	468.430782974655
"9.3"	-64.6624956097561	47.501352195122	288190.146874108	397146.465984739	"1983"	38.1378098702159	1855.35539816724
"9.4"	-64.75479125	47.93580625	278746.181661153	444868.431379192	"1983"	10.4222391208637	135.154299217635
"9.5"	-64.7479702564103	48.1625905128205	277936.605103154	469986.114073412	"1983"	21.9667161864385	598.317554387334
"1.1"	-60.9173561290323	46.8318080645161	576506.761688737	345716.596799721	"1984"	12.1383443765716	183.821859096296
"1.2"	-60.7518202564103	47.1677838461538	585015.132779311	384126.153365578	"1984"	11.5110633418154	166.272019253332
"1.3"	-60.7518171794872	47.4991305128205	581044.327850851	420658.123280453	"1984"	1.80128038082935	4.47020496583623
"1.4"	-60.7516643243243	47.8320867567568	577067.272234514	457350.99505047	"1984"	0.237354223605	0.0804681983827597
"1.5"	-60.7526330555556	48.1658583333333	572999.485433382	494107.962817711	"1984"	0.0586631376570254	0.00512983281860914
"10.1"	-65.248061	47.9340275	242069.540821145	442876.545197071	"1984"	178.583752034848	40751.2881975253
"11.1"	-65.7493197435897	47.9999905128205	204495.759083768	448615.006944755	"1984"	434.58675658653	241470.771408676
"12.1"	-66.12838	48.0495311111111	176144.283722934	453092.182698747	"1984"	72.2352727983142	6543.90631281913
"2.1"	-61.2526164102564	46.5002064102564	554828.325564076	306449.255368057	"1984"	14.0496295896275	245.41852109757
"2.2"	-61.2438139473684	46.832285	551767.937178606	343195.641458842	"1984"	8.58800879707448	91.4980413717638
"2.3"	-61.252303	47.16639625	547376.253565787	380013.146143648	"1984"	6.63267386395248	55.3745826512967
"2.4"	-61.2342417073171	47.4981892682927	545005.94223114	416758.667907858	"1984"	2.41194221934196	7.3469414491694
"2.5"	-61.2438780487805	47.8291019512195	540572.515011676	453178.259948557	"1984"	0.602369241406111	0.46899842922168
"2.6"	-61.249757	48.164506	536377.311145493	490105.572835156	"1984"	0.221458073898683	0.0675329632314552
"3.1"	-61.7637307692308	45.8336828205128	522781.229103154	228891.006830664	"1984"	47.0327297223226	2773.30772295598
"3.2"	-61.75005525	46.1677375	520342.221395964	265956.570860579	"1984"	17.5651160016537	385.392735914691
"3.3"	-61.7483046153846	46.4992884615385	517007.009451745	302635.547333685	"1984"	24.5791930409196	749.94591678482
"3.4"	-61.74711625	46.832917	513607.623211568	339518.89023448	"1984"	13.0085084381747	211.933039316689
"3.5"	-61.75069	47.1599873170732	509918.766809975	375623.75670084	"1984"	10.6025972163378	139.28657509733
"3.6"	-61.8283812195122	47.5850885365854	499677.478040302	422010.615230489	"1984"	10.1780095315213	130.033977875548
"3.7"	-61.7473371052632	47.8309984210526	503161.171188203	449715.830809922	"1984"	3.23744021399974	13.2840942345103
"3.8"	-61.746232051282	48.1685343589744	499718.885476494	486955.508090221	"1984"	0.448207943397735	0.274589414707678
"3.9"	-61.7488010810811	48.3275886486486	497869.760815293	504476.493661616	"1984"	0.125668245820049	0.0225733941169905
"4.1"	-62.24718475	45.83468	485351.413587291	225595.978590349	"1984"	29.230694814282	1070.46916307602
"4.2"	-62.2434276923077	46.1633033333333	482452.767287601	262008.976970938	"1984"	48.8280098538148	2976.24817951532
"4.3"	-62.250151025641	46.5709517948718	477985.988029402	307071.704417749	"1984"	73.3194069743221	6667.62072668429
"4.4"	-62.2505841463415	46.8321714634146	475423.655106098	335957.255319153	"1984"	29.5117347583936	1078.8212340114
"4.5"	-62.2521246341463	47.1651790243902	472084.728170839	372756.753925677	"1984"	32.3305358533256	1296.39293126886
"4.6"	-62.24517	47.5011043902439	469356.688484007	409915.382459566	"1984"	79.3524087803974	7908.52338161469
"4.7"	-62.2483505128205	47.8323856410256	465914.59086071	446476.524059965	"1984"	22.9637028913237	666.015835639034
"4.8"	-62.2504902564103	48.1688097435897	462504.340291844	483595.651234126	"1984"	4.29084690398894	24.1334031995739
"4.9"	-62.2470755263158	48.3859226315789	460657.842687668	507573.096047843	"1984"	0.378930352292847	0.203793653685983
"5.1"	-62.7493007692308	46.5058253846154	440477.550379991	296661.878309954	"1984"	31.4780744096165	1268.509924435
"5.2"	-62.7510334146341	46.8296082926829	437460.379930388	332481.664246332	"1984"	58.819264995599	4332.53720720875
"5.3"	-62.7504125	47.16851725	434489.329611461	369969.419551971	"1984"	164.419234478183	33672.3971258513
"5.4"	-62.7492063414634	47.4997248780488	431631.582391272	406589.877635884	"1984"	178.639641857648	39708.8912856199
"5.5"	-62.74741075	47.83225475	428806.100789692	443342.162514868	"1984"	198.389576007101	49212.0937528019
"5.6"	-62.7519592682927	48.1672929268293	425489.201159275	480316.822176966	"1984"	49.8652515153577	3133.01869254664
"5.7"	-62.747265	48.4304765789474	423495.157736089	509399.680779149	"1984"	5.35289140771887	37.5424813992109
"6.1"	-63.2491402564103	46.5102930769231	402227.751240551	294213.437413658	"1984"	35.775217332729	1591.76209252738
"6.2"	-63.2513482926829	46.8322463414634	399439.65018915	329847.976858142	"1984"	40.6374405427082	2054.22703158403
"6.3"	-63.2510085365854	47.1676492682927	396738.067509929	366965.993357103	"1984"	106.118169159034	13986.9143123122
"6.4"	-63.2500287804878	47.498067804878	394126.01073903	403517.092168064	"1984"	168.343912027684	35391.5479199806
"6.5"	-63.248466	47.834712	391507.052326201	440741.797609754	"1984"	182.363211316286	41381.3678394325
"6.6"	-63.2519595121951	48.1677836585366	388543.07675857	477527.130966415	"1984"	122.926912167657	18734.9442676734
"6.7"	-63.2472797435897	48.4961161538462	386222.153699888	513817.841434508	"1984"	29.456399822921	1092.63113680718
"6.8"	-63.2502525	48.70224625	384331.222462968	536562.272363894	"1984"	11.8981139972689	185.694321476509
"7.1"	-63.7464597560976	46.8334304878049	361809.647637546	327345.59855544	"1984"	50.6196422305179	3273.84546424675
"7.2"	-63.7521	47.16577375	358936.059132761	364112.673385711	"1984"	58.0369989444877	4283.61596763991
"7.3"	-63.749593902439	47.5006512195122	356661.650815312	401182.17278995	"1984"	92.7007371254	10647.2562957856
"7.4"	-63.750308	47.833669	354159.767423131	438011.844371817	"1984"	164.608544081164	33594.7768983954
"7.5"	-63.7489702439024	48.1676275609756	351804.534465203	474938.878470963	"1984"	207.964871009161	53725.0364921165
"7.6"	-63.7488834146341	48.498637804878	349378.777948225	511518.254921844	"1984"	97.6988900636603	11933.1865471401
"7.7"	-63.7510243589744	48.8298515384615	346789.94894362	548094.97044429	"1984"	15.9956588648096	327.221650798807
"8.1"	-64.3730758974359	46.8332743589744	314173.468348785	324368.658229168	"1984"	10.3274869543369	133.476397543213
"8.2"	-64.25039625	47.1666125	321306.779365656	361837.14568484	"1984"	40.035742308097	1991.10191874617
"8.3"	-64.250246097561	47.500507804878	319120.314489205	398802.322525997	"1984"	99.8497809834704	12355.3530631281
"8.4"	-64.2504348717949	47.8342966666667	316910.218128317	435736.23285387	"1984"	270.943413030292	93161.5774418433
"8.5"	-64.2552680487805	48.16834	314356.094123475	472661.040811167	"1984"	286.808668509213	104396.907915985
"8.6"	-64.08243375	48.4981325	324886.569876582	509890.997265977	"1984"	127.018104437957	20117.9063742207
"8.7"	-64.0885979487179	48.7484051282051	322726.770506379	537518.766384427	"1984"	58.9257600502054	4361.49298371977
"9.1"	-64.6664007317073	46.8345875609756	291857.687428302	323272.120984389	"1984"	37.6790655488974	1776.82837683798
"9.2"	-64.74548	47.1700507317073	283890.788511935	360124.435980723	"1984"	48.1659490338733	2966.34764931648
"9.3"	-64.6624956097561	47.501352195122	288190.146874108	397146.465984739	"1984"	176.144288211705	39595.2256412962
"9.4"	-64.75479125	47.93580625	278746.181661153	444868.431379192	"1984"	161.633634110722	32513.6124735487
"9.5"	-64.7479702564103	48.1625905128205	277936.605103154	469986.114073412	"1984"	331.935959533709	136626.39289989
"1.1"	-60.9173561290323	46.8318080645161	576506.761688737	345716.596799721	"1985"	9.02424059822879	101.891806776406
"1.2"	-60.7518202564103	47.1677838461538	585015.132779311	384126.153365578	"1985"	7.69866153264898	75.0747147060988
"1.3"	-60.7518171794872	47.4991305128205	581044.327850851	420658.123280453	"1985"	2.04477061019658	6.16358582129887
"1.4"	-60.7516643243243	47.8320867567568	577067.272234514	457350.99505047	"1985"	0.800025837922903	1.00006372690235
"1.5"	-60.7526330555556	48.1658583333333	572999.485433382	494107.962817711	"1985"	0.179039271210562	0.0478450655252824
"10.1"	-65.248061	47.9340275	242069.540821145	442876.545197071	"1985"	166.167697003862	35269.4010554905
"11.1"	-65.7493197435897	47.9999905128205	204495.759083768	448615.006944755	"1985"	644.287735217841	530606.524469928
"12.1"	-66.12838	48.0495311111111	176144.283722934	453092.182698747	"1985"	137.886504447098	23840.6237975701
"2.1"	-61.2526164102564	46.5002064102564	554828.325564076	306449.255368057	"1985"	18.9369835627724	446.178122479489
"2.2"	-61.2438139473684	46.832285	551767.937178606	343195.641458842	"1985"	11.1143066652764	153.405400623937
"2.3"	-61.252303	47.16639625	547376.253565787	380013.146143648	"1985"	12.2948133855553	192.192487976772
"2.4"	-61.2342417073171	47.4981892682927	545005.94223114	416758.667907858	"1985"	4.45529687047542	25.7615678930225
"2.5"	-61.2438780487805	47.8291019512195	540572.515011676	453178.259948557	"1985"	4.20839674869794	24.6883099648487
"2.6"	-61.249757	48.164506	536377.311145493	490105.572835156	"1985"	4.06710150290781	23.8164044542547
"3.1"	-61.7637307692308	45.8336828205128	522781.229103154	228891.006830664	"1985"	41.7184136710147	2182.78717614689
"3.2"	-61.75005525	46.1677375	520342.221395964	265956.570860579	"1985"	25.5486607954321	815.765314033847
"3.3"	-61.7483046153846	46.4992884615385	517007.009451745	302635.547333685	"1985"	49.0737943950685	2990.52804520037
"3.4"	-61.74711625	46.832917	513607.623211568	339518.89023448	"1985"	38.8773193967694	1897.09016630779
"3.5"	-61.75069	47.1599873170732	509918.766809975	375623.75670084	"1985"	36.794831534456	1679.36542444151
"3.6"	-61.8283812195122	47.5850885365854	499677.478040302	422010.615230489	"1985"	26.6141332742379	893.976475515141
"3.7"	-61.7473371052632	47.8309984210526	503161.171188203	449715.830809922	"1985"	38.2722623713505	1871.0378734926
"3.8"	-61.746232051282	48.1685343589744	499718.885476494	486955.508090221	"1985"	22.4767792597763	669.304265650342
"3.9"	-61.7488010810811	48.3275886486486	497869.760815293	504476.493661616	"1985"	4.49886526599575	26.91755674263
"4.1"	-62.24718475	45.83468	485351.413587291	225595.978590349	"1985"	18.9737059748577	451.097798019859
"4.2"	-62.2434276923077	46.1633033333333	482452.767287601	262008.976970938	"1985"	53.6058386813142	3588.08895055864
"4.3"	-62.250151025641	46.5709517948718	477985.988029402	307071.704417749	"1985"	136.548419360012	23130.1348899595
"4.4"	-62.2505841463415	46.8321714634146	475423.655106098	335957.255319153	"1985"	58.753294782956	4276.59483764966
"4.5"	-62.2521246341463	47.1651790243902	472084.728170839	372756.753925677	"1985"	87.1833212561858	9429.36455921118
"4.6"	-62.24517	47.5011043902439	469356.688484007	409915.382459566	"1985"	172.894039361766	37497.5107948864
"4.7"	-62.2483505128205	47.8323856410256	465914.59086071	446476.524059965	"1985"	149.27320742528	27891.0969256294
"4.8"	-62.2504902564103	48.1688097435897	462504.340291844	483595.651234126	"1985"	102.712590011589	13276.8921585232
"4.9"	-62.2470755263158	48.3859226315789	460657.842687668	507573.096047843	"1985"	9.12469646209516	109.267410913156
"5.1"	-62.7493007692308	46.5058253846154	440477.550379991	296661.878309954	"1985"	57.9246815928435	4295.41577005631
"5.2"	-62.7510334146341	46.8296082926829	437460.379930388	332481.664246332	"1985"	100.996904539107	12772.0725347382
"5.3"	-62.7504125	47.16851725	434489.329611461	369969.419551971	"1985"	116.505780031737	16895.934525925
"5.4"	-62.7492063414634	47.4997248780488	431631.582391272	406589.877635884	"1985"	185.027059872914	42525.2881313905
"5.5"	-62.74741075	47.83225475	428806.100789692	443342.162514868	"1985"	420.871694601317	220270.13300583
"5.6"	-62.7519592682927	48.1672929268293	425489.201159275	480316.822176966	"1985"	229.792537079057	65782.8718525722
"5.7"	-62.747265	48.4304765789474	423495.157736089	509399.680779149	"1985"	38.1950237007871	1854.90730888876
"6.1"	-63.2491402564103	46.5102930769231	402227.751240551	294213.437413658	"1985"	60.6336834620278	4571.94968065269
"6.2"	-63.2513482926829	46.8322463414634	399439.65018915	329847.976858142	"1985"	65.8873163455076	5398.67572278147
"6.3"	-63.2510085365854	47.1676492682927	396738.067509929	366965.993357103	"1985"	117.668585512999	17187.9885033019
"6.4"	-63.2500287804878	47.498067804878	394126.01073903	403517.092168064	"1985"	258.042748760683	82979.9388776968
"6.5"	-63.248466	47.834712	391507.052326201	440741.797609754	"1985"	330.397061334992	135504.952159222
"6.6"	-63.2519595121951	48.1677836585366	388543.07675857	477527.130966415	"1985"	301.706396456522	112671.46160024
"6.7"	-63.2472797435897	48.4961161538462	386222.153699888	513817.841434508	"1985"	62.118477261749	4825.13992070525
"6.8"	-63.2502525	48.70224625	384331.222462968	536562.272363894	"1985"	19.2923323075287	479.025145563076
"7.1"	-63.7464597560976	46.8334304878049	361809.647637546	327345.59855544	"1985"	153.958052828584	30273.7744997258
"7.2"	-63.7521	47.16577375	358936.059132761	364112.673385711	"1985"	220.213604485492	61633.5790744013
"7.3"	-63.749593902439	47.5006512195122	356661.650815312	401182.17278995	"1985"	297.38569621495	109524.714179914
"7.4"	-63.750308	47.833669	354159.767423131	438011.844371817	"1985"	366.11093367109	166055.857500342
"7.5"	-63.7489702439024	48.1676275609756	351804.534465203	474938.878470963	"1985"	292.812136926621	106376.175016438
"7.6"	-63.7488834146341	48.498637804878	349378.777948225	511518.254921844	"1985"	89.0068752652768	9881.0126278939
"7.7"	-63.7510243589744	48.8298515384615	346789.94894362	548094.97044429	"1985"	9.5956578250614	116.986969625977
"8.1"	-64.3730758974359	46.8332743589744	314173.468348785	324368.658229168	"1985"	14.679135129511	269.605096205961
"8.2"	-64.25039625	47.1666125	321306.779365656	361837.14568484	"1985"	115.925381735438	16691.7459591673
"8.3"	-64.250246097561	47.500507804878	319120.314489205	398802.322525997	"1985"	237.95235571597	70151.2198607016
"8.4"	-64.2504348717949	47.8342966666667	316910.218128317	435736.23285387	"1985"	396.980267367379	199824.945697813
"8.5"	-64.2552680487805	48.16834	314356.094123475	472661.040811167	"1985"	270.792140150403	92975.769431072
"8.6"	-64.08243375	48.4981325	324886.569876582	509890.997265977	"1985"	105.093056278696	13756.8976137932
"8.7"	-64.0885979487179	48.7484051282051	322726.770506379	537518.766384427	"1985"	45.9600815275156	2648.22617870977
"9.1"	-64.6664007317073	46.8345875609756	291857.687428302	323272.120984389	"1985"	22.2740787176651	620.859755426501
"9.2"	-64.74548	47.1700507317073	283890.788511935	360124.435980723	"1985"	35.331907857569	1595.64595649073
"9.3"	-64.6624956097561	47.501352195122	288190.146874108	397146.465984739	"1985"	208.44961011667	55424.5901765206
"9.4"	-64.75479125	47.93580625	278746.181661153	444868.431379192	"1985"	156.08784906271	30309.5794763696
"9.5"	-64.7479702564103	48.1625905128205	277936.605103154	469986.114073412	"1985"	368.123026627331	168010.396074356
"1.1"	-60.9173561290323	46.8318080645161	576506.761688737	345716.596799721	"1986"	126.478444040891	20079.8279071871
"1.2"	-60.7518202564103	47.1677838461538	585015.132779311	384126.153365578	"1986"	166.627828221558	35333.3991177431
"1.3"	-60.7518171794872	47.4991305128205	581044.327850851	420658.123280453	"1986"	42.0955326502076	2628.5610970273
"1.4"	-60.7516643243243	47.8320867567568	577067.272234514	457350.99505047	"1986"	14.9362649548255	359.222152582942
"1.5"	-60.7526330555556	48.1658583333333	572999.485433382	494107.962817711	"1986"	3.55841646470961	20.7918760417493
"10.1"	-65.248061	47.9340275	242069.540821145	442876.545197071	"1986"	161.944005450293	33499.6583333752
"11.1"	-65.7493197435897	47.9999905128205	204495.759083768	448615.006944755	"1986"	732.957024213277	686680.932676508
"12.1"	-66.12838	48.0495311111111	176144.283722934	453092.182698747	"1986"	211.940434780298	56314.6354274365
"2.1"	-61.2526164102564	46.5002064102564	554828.325564076	306449.255368057	"1986"	85.501680348898	9112.56882242457
"2.2"	-61.2438139473684	46.832285	551767.937178606	343195.641458842	"1986"	75.4264238292044	7076.04697189925
"2.3"	-61.252303	47.16639625	547376.253565787	380013.146143648	"1986"	88.427840271384	9943.33650457701
"2.4"	-61.2342417073171	47.4981892682927	545005.94223114	416758.667907858	"1986"	57.0780028387801	4197.04686588408
"2.5"	-61.2438780487805	47.8291019512195	540572.515011676	453178.259948557	"1986"	44.1030317782072	2707.64987735437
"2.6"	-61.249757	48.164506	536377.311145493	490105.572835156	"1986"	22.0406306126272	772.885107980032
"3.1"	-61.7637307692308	45.8336828205128	522781.229103154	228891.006830664	"1986"	184.785190411677	42936.4168665888
"3.2"	-61.75005525	46.1677375	520342.221395964	265956.570860579	"1986"	65.3478894021194	5346.78567544664
"3.3"	-61.7483046153846	46.4992884615385	517007.009451745	302635.547333685	"1986"	126.513964457919	19893.825960714
"3.4"	-61.74711625	46.832917	513607.623211568	339518.89023448	"1986"	67.6895463802945	5751.77359182746
"3.5"	-61.75069	47.1599873170732	509918.766809975	375623.75670084	"1986"	78.4261597592935	7627.90710783653
"3.6"	-61.8283812195122	47.5850885365854	499677.478040302	422010.615230489	"1986"	132.52935618205	22162.7824807828
"3.7"	-61.7473371052632	47.8309984210526	503161.171188203	449715.830809922	"1986"	151.836685893241	29876.3200596678
"3.8"	-61.746232051282	48.1685343589744	499718.885476494	486955.508090221	"1986"	32.8507169432141	1647.90673455034
"3.9"	-61.7488010810811	48.3275886486486	497869.760815293	504476.493661616	"1986"	7.4819914168418	88.5010179810131
"4.1"	-62.24718475	45.83468	485351.413587291	225595.978590349	"1986"	81.8460494438988	8409.32400518841
"4.2"	-62.2434276923077	46.1633033333333	482452.767287601	262008.976970938	"1986"	232.822898378387	67789.3723501566
"4.3"	-62.250151025641	46.5709517948718	477985.988029402	307071.704417749	"1986"	385.698306250333	184611.579092474
"4.4"	-62.2505841463415	46.8321714634146	475423.655106098	335957.255319153	"1986"	92.041121116185	10495.9678569011
"4.5"	-62.2521246341463	47.1651790243902	472084.728170839	372756.753925677	"1986"	88.657760342701	9748.66414051458
"4.6"	-62.24517	47.5011043902439	469356.688484007	409915.382459566	"1986"	378.138342361032	179537.508991387
"4.7"	-62.2483505128205	47.8323856410256	465914.59086071	446476.524059965	"1986"	302.588896553318	115744.158984365
"4.8"	-62.2504902564103	48.1688097435897	462504.340291844	483595.651234126	"1986"	75.2682650407557	7530.33985091038
"4.9"	-62.2470755263158	48.3859226315789	460657.842687668	507573.096047843	"1986"	8.6404392417525	113.523924538413
"5.1"	-62.7493007692308	46.5058253846154	440477.550379991	296661.878309954	"1986"	249.884472248077	79933.4139200597
"5.2"	-62.7510334146341	46.8296082926829	437460.379930388	332481.664246332	"1986"	207.737174232047	54024.33759981
"5.3"	-62.7504125	47.16851725	434489.329611461	369969.419551971	"1986"	165.176525793158	33956.3000414297
"5.4"	-62.7492063414634	47.4997248780488	431631.582391272	406589.877635884	"1986"	304.329771024125	115103.25273007
"5.5"	-62.74741075	47.83225475	428806.100789692	443342.162514868	"1986"	691.649560830865	596791.6554209
"5.6"	-62.7519592682927	48.1672929268293	425489.201159275	480316.822176966	"1986"	226.582449669	64654.2099049329
"5.7"	-62.747265	48.4304765789474	423495.157736089	509399.680779149	"1986"	47.4068574183555	2992.41796791019
"6.1"	-63.2491402564103	46.5102930769231	402227.751240551	294213.437413658	"1986"	287.238259310074	102603.833830032
"6.2"	-63.2513482926829	46.8322463414634	399439.65018915	329847.976858142	"1986"	214.688587901564	57309.9193677354
"6.3"	-63.2510085365854	47.1676492682927	396738.067509929	366965.993357103	"1986"	231.799746331396	66691.8207106683
"6.4"	-63.2500287804878	47.498067804878	394126.01073903	403517.092168064	"1986"	314.489664855744	123301.107353479
"6.5"	-63.248466	47.834712	391507.052326201	440741.797609754	"1986"	465.910305097337	269719.974997912
"6.6"	-63.2519595121951	48.1677836585366	388543.07675857	477527.130966415	"1986"	422.680425084816	221398.213020573
"6.7"	-63.2472797435897	48.4961161538462	386222.153699888	513817.841434508	"1986"	90.8702714414489	10418.2630495151
"6.8"	-63.2502525	48.70224625	384331.222462968	536562.272363894	"1986"	23.5723977210469	735.8977312141
"7.1"	-63.7464597560976	46.8334304878049	361809.647637546	327345.59855544	"1986"	600.127289013598	459917.526337682
"7.2"	-63.7521	47.16577375	358936.059132761	364112.673385711	"1986"	470.593271831678	281440.978845432
"7.3"	-63.749593902439	47.5006512195122	356661.650815312	401182.17278995	"1986"	327.395421352317	132738.39225032
"7.4"	-63.750308	47.833669	354159.767423131	438011.844371817	"1986"	379.061462473732	178036.581652219
"7.5"	-63.7489702439024	48.1676275609756	351804.534465203	474938.878470963	"1986"	451.142606099523	252664.86368759
"7.6"	-63.7488834146341	48.498637804878	349378.777948225	511518.254921844	"1986"	109.06836094031	14871.239175578
"7.7"	-63.7510243589744	48.8298515384615	346789.94894362	548094.97044429	"1986"	7.21551280949795	66.7495986979332
"8.1"	-64.3730758974359	46.8332743589744	314173.468348785	324368.658229168	"1986"	59.9823373118006	4499.82889187612
"8.2"	-64.25039625	47.1666125	321306.779365656	361837.14568484	"1986"	316.174214444309	124124.806643456
"8.3"	-64.250246097561	47.500507804878	319120.314489205	398802.322525997	"1986"	489.075619248688	296313.84976144
"8.4"	-64.2504348717949	47.8342966666667	316910.218128317	435736.23285387	"1986"	692.608531120337	608400.243420601
"8.5"	-64.2552680487805	48.16834	314356.094123475	472661.040811167	"1986"	423.954184746048	228008.763523691
"8.6"	-64.08243375	48.4981325	324886.569876582	509890.997265977	"1986"	133.945487045116	22367.4828991723
"8.7"	-64.0885979487179	48.7484051282051	322726.770506379	537518.766384427	"1986"	34.9311502109512	1533.2603839674
"9.1"	-64.6664007317073	46.8345875609756	291857.687428302	323272.120984389	"1986"	115.19847401219	16600.3410861303
"9.2"	-64.74548	47.1700507317073	283890.788511935	360124.435980723	"1986"	149.791510654265	28675.8233569923
"9.3"	-64.6624956097561	47.501352195122	288190.146874108	397146.465984739	"1986"	538.086036002008	369302.529835258
"9.4"	-64.75479125	47.93580625	278746.181661153	444868.431379192	"1986"	192.701249302747	46191.586408343
"9.5"	-64.7479702564103	48.1625905128205	277936.605103154	469986.114073412	"1986"	381.842009098824	180756.581668181
"1.1"	-60.9173561290323	46.8318080645161	576506.761688737	345716.596799721	"1987"	69.0861022416594	5916.98828651135
"1.2"	-60.7518202564103	47.1677838461538	585015.132779311	384126.153365578	"1987"	71.7175668351011	6375.72987184261
"1.3"	-60.7518171794872	47.4991305128205	581044.327850851	420658.123280453	"1987"	19.0238443139385	456.81410777492
"1.4"	-60.7516643243243	47.8320867567568	577067.272234514	457350.99505047	"1987"	6.86867813493945	60.4979868368396
"1.5"	-60.7526330555556	48.1658583333333	572999.485433382	494107.962817711	"1987"	1.35376260757267	2.37575553447777
"10.1"	-65.248061	47.9340275	242069.540821145	442876.545197071	"1987"	145.772451116459	27147.5239002331
"11.1"	-65.7493197435897	47.9999905128205	204495.759083768	448615.006944755	"1987"	589.434351474176	444178.474343607
"12.1"	-66.12838	48.0495311111111	176144.283722934	453092.182698747	"1987"	142.668321037547	25529.6362077497
"2.1"	-61.2526164102564	46.5002064102564	554828.325564076	306449.255368057	"1987"	82.468879535831	8431.43398216527
"2.2"	-61.2438139473684	46.832285	551767.937178606	343195.641458842	"1987"	72.2661992263401	6461.6357817184
"2.3"	-61.252303	47.16639625	547376.253565787	380013.146143648	"1987"	79.344652093443	7824.26814288918
"2.4"	-61.2342417073171	47.4981892682927	545005.94223114	416758.667907858	"1987"	45.103457541801	2526.32456257924
"2.5"	-61.2438780487805	47.8291019512195	540572.515011676	453178.259948557	"1987"	40.4581711184953	2044.6903220044
"2.6"	-61.249757	48.164506	536377.311145493	490105.572835156	"1987"	13.5731864430329	234.091470410208
"3.1"	-61.7637307692308	45.8336828205128	522781.229103154	228891.006830664	"1987"	113.436616808817	16095.9703241987
"3.2"	-61.75005525	46.1677375	520342.221395964	265956.570860579	"1987"	66.9822944308767	5589.91538355153
"3.3"	-61.7483046153846	46.4992884615385	517007.009451745	302635.547333685	"1987"	131.020804096259	21274.8486030237
"3.4"	-61.74711625	46.832917	513607.623211568	339518.89023448	"1987"	77.451854310951	7468.01264544201
"3.5"	-61.75069	47.1599873170732	509918.766809975	375623.75670084	"1987"	73.7161293744136	6719.71282056131
"3.6"	-61.8283812195122	47.5850885365854	499677.478040302	422010.615230489	"1987"	61.1444633295344	4644.72657765163
"3.7"	-61.7473371052632	47.8309984210526	503161.171188203	449715.830809922	"1987"	74.6385886206841	6931.97432847832
"3.8"	-61.746232051282	48.1685343589744	499718.885476494	486955.508090221	"1987"	18.0671297659454	413.094043380088
"3.9"	-61.7488010810811	48.3275886486486	497869.760815293	504476.493661616	"1987"	3.3494622705905	14.3307957382281
"4.1"	-62.24718475	45.83468	485351.413587291	225595.978590349	"1987"	35.7669346964152	1600.4652432954
"4.2"	-62.2434276923077	46.1633033333333	482452.767287601	262008.976970938	"1987"	64.3211199777631	5156.38995911933
"4.3"	-62.250151025641	46.5709517948718	477985.988029402	307071.704417749	"1987"	154.239324289201	29477.8504190616
"4.4"	-62.2505841463415	46.8321714634146	475423.655106098	335957.255319153	"1987"	53.0974214173139	3488.99060498474
"4.5"	-62.2521246341463	47.1651790243902	472084.728170839	372756.753925677	"1987"	62.4538413782679	4828.85482308248
"4.6"	-62.24517	47.5011043902439	469356.688484007	409915.382459566	"1987"	217.27775294747	58784.5940675151
"4.7"	-62.2483505128205	47.8323856410256	465914.59086071	446476.524059965	"1987"	141.754919662214	24991.0332012422
"4.8"	-62.2504902564103	48.1688097435897	462504.340291844	483595.651234126	"1987"	35.0906216288996	1539.21671807265
"4.9"	-62.2470755263158	48.3859226315789	460657.842687668	507573.096047843	"1987"	3.67321841860333	17.4186412884809
"5.1"	-62.7493007692308	46.5058253846154	440477.550379991	296661.878309954	"1987"	26.6609530485262	908.602233723306
"5.2"	-62.7510334146341	46.8296082926829	437460.379930388	332481.664246332	"1987"	74.7780107214842	6982.83557847756
"5.3"	-62.7504125	47.16851725	434489.329611461	369969.419551971	"1987"	176.057213856413	38517.5164118424
"5.4"	-62.7492063414634	47.4997248780488	431631.582391272	406589.877635884	"1987"	317.021847460681	124674.658724333
"5.5"	-62.74741075	47.83225475	428806.100789692	443342.162514868	"1987"	562.761638606949	393293.044705645
"5.6"	-62.7519592682927	48.1672929268293	425489.201159275	480316.822176966	"1987"	100.511361816669	12573.4842493564
"5.7"	-62.747265	48.4304765789474	423495.157736089	509399.680779149	"1987"	16.097399536426	328.734780389988
"6.1"	-63.2491402564103	46.5102930769231	402227.751240551	294213.437413658	"1987"	20.6834417169838	531.756228720193
"6.2"	-63.2513482926829	46.8322463414634	399439.65018915	329847.976858142	"1987"	49.5251802213397	3048.47762977526
"6.3"	-63.2510085365854	47.1676492682927	396738.067509929	366965.993357103	"1987"	127.582677110404	20197.1087190582
"6.4"	-63.2500287804878	47.498067804878	394126.01073903	403517.092168064	"1987"	322.654675167539	129643.36600979
"6.5"	-63.248466	47.834712	391507.052326201	440741.797609754	"1987"	459.650029305158	262203.257736444
"6.6"	-63.2519595121951	48.1677836585366	388543.07675857	477527.130966415	"1987"	234.532306978345	68087.3109301968
"6.7"	-63.2472797435897	48.4961161538462	386222.153699888	513817.841434508	"1987"	42.832555222033	2294.51458870902
"6.8"	-63.2502525	48.70224625	384331.222462968	536562.272363894	"1987"	11.3036211918811	164.429063284474
"7.1"	-63.7464597560976	46.8334304878049	361809.647637546	327345.59855544	"1987"	43.9061218987406	2461.04218235967
"7.2"	-63.7521	47.16577375	358936.059132761	364112.673385711	"1987"	119.204427720335	18053.0751876225
"7.3"	-63.749593902439	47.5006512195122	356661.650815312	401182.17278995	"1987"	288.790914416952	103280.858981595
"7.4"	-63.750308	47.833669	354159.767423131	438011.844371817	"1987"	476.060315272194	280785.11040514
"7.5"	-63.7489702439024	48.1676275609756	351804.534465203	474938.878470963	"1987"	255.718590685965	81145.9572340456
"7.6"	-63.7488834146341	48.498637804878	349378.777948225	511518.254921844	"1987"	40.9250240814526	2089.73812077418
"7.7"	-63.7510243589744	48.8298515384615	346789.94894362	548094.97044429	"1987"	3.1191413674227	12.3697570772321
"8.1"	-64.3730758974359	46.8332743589744	314173.468348785	324368.658229168	"1987"	5.03393181084186	31.6987286262691
"8.2"	-64.25039625	47.1666125	321306.779365656	361837.14568484	"1987"	68.8950018492747	5894.5142029001
"8.3"	-64.250246097561	47.500507804878	319120.314489205	398802.322525997	"1987"	237.492857236814	69880.7799875262
"8.4"	-64.2504348717949	47.8342966666667	316910.218128317	435736.23285387	"1987"	640.086820017205	519543.025145166
"8.5"	-64.2552680487805	48.16834	314356.094123475	472661.040811167	"1987"	295.657274796168	110854.013529384
"8.6"	-64.08243375	48.4981325	324886.569876582	509890.997265977	"1987"	57.8901307464198	4176.01991842037
"8.7"	-64.0885979487179	48.7484051282051	322726.770506379	537518.766384427	"1987"	15.1829238841214	289.201602593373
"9.1"	-64.6664007317073	46.8345875609756	291857.687428302	323272.120984389	"1987"	13.5154815055574	228.560273218396
"9.2"	-64.74548	47.1700507317073	283890.788511935	360124.435980723	"1987"	30.0362089318049	1153.14440852443
"9.3"	-64.6624956097561	47.501352195122	288190.146874108	397146.465984739	"1987"	202.833645147872	52480.4799157836
"9.4"	-64.75479125	47.93580625	278746.181661153	444868.431379192	"1987"	215.460562760265	57765.6629070858
"9.5"	-64.7479702564103	48.1625905128205	277936.605103154	469986.114073412	"1987"	397.42619126237	195857.90163554
"1.1"	-60.9173561290323	46.8318080645161	576506.761688737	345716.596799721	"1988"	90.101251978231	10153.0271630529
"1.2"	-60.7518202564103	47.1677838461538	585015.132779311	384126.153365578	"1988"	33.8260582862326	1451.37762119329
"1.3"	-60.7518171794872	47.4991305128205	581044.327850851	420658.123280453	"1988"	2.98859901958814	13.4511549511526
"1.4"	-60.7516643243243	47.8320867567568	577067.272234514	457350.99505047	"1988"	0.433169465956822	0.304270780466414
"1.5"	-60.7526330555556	48.1658583333333	572999.485433382	494107.962817711	"1988"	0.0601491957099499	0.00585573097972333
"10.1"	-65.248061	47.9340275	242069.540821145	442876.545197071	"1988"	139.871093072709	24992.7785881959
"11.1"	-65.7493197435897	47.9999905128205	204495.759083768	448615.006944755	"1988"	244.389104179848	76345.1715739225
"12.1"	-66.12838	48.0495311111111	176144.283722934	453092.182698747	"1988"	29.9726569480221	1126.29550091158
"2.1"	-61.2526164102564	46.5002064102564	554828.325564076	306449.255368057	"1988"	97.7354537636013	11880.4900340135
"2.2"	-61.2438139473684	46.832285	551767.937178606	343195.641458842	"1988"	75.2615821416338	7033.64621751927
"2.3"	-61.252303	47.16639625	547376.253565787	380013.146143648	"1988"	42.5159864627701	2307.51008911762
"2.4"	-61.2342417073171	47.4981892682927	545005.94223114	416758.667907858	"1988"	4.83416441404463	31.006974001804
"2.5"	-61.2438780487805	47.8291019512195	540572.515011676	453178.259948557	"1988"	1.00481273502316	1.51327123405599
"2.6"	-61.249757	48.164506	536377.311145493	490105.572835156	"1988"	0.191942352718081	0.057343670106981
"3.1"	-61.7637307692308	45.8336828205128	522781.229103154	228891.006830664	"1988"	157.507376464823	31099.7629084391
"3.2"	-61.75005525	46.1677375	520342.221395964	265956.570860579	"1988"	63.1504762859738	4982.5059959155
"3.3"	-61.7483046153846	46.4992884615385	517007.009451745	302635.547333685	"1988"	144.707814371776	26003.814487531
"3.4"	-61.74711625	46.832917	513607.623211568	339518.89023448	"1988"	101.873588428428	13040.3534362886
"3.5"	-61.75069	47.1599873170732	509918.766809975	375623.75670084	"1988"	96.2459164340169	11506.9459376468
"3.6"	-61.8283812195122	47.5850885365854	499677.478040302	422010.615230489	"1988"	18.8597567465659	463.995231107904
"3.7"	-61.7473371052632	47.8309984210526	503161.171188203	449715.830809922	"1988"	6.45358142185077	58.9819337751702
"3.8"	-61.746232051282	48.1685343589744	499718.885476494	486955.508090221	"1988"	0.525966839468277	0.43903903023195
"3.9"	-61.7488010810811	48.3275886486486	497869.760815293	504476.493661616	"1988"	0.0975654101898297	0.0152282497837653
"4.1"	-62.24718475	45.83468	485351.413587291	225595.978590349	"1988"	32.5263230304493	1325.24267722085
"4.2"	-62.2434276923077	46.1633033333333	482452.767287601	262008.976970938	"1988"	98.9581613387183	12225.6554591816
"4.3"	-62.250151025641	46.5709517948718	477985.988029402	307071.704417749	"1988"	427.874816274229	227129.541944889
"4.4"	-62.2505841463415	46.8321714634146	475423.655106098	335957.255319153	"1988"	177.222939143827	38922.4887578022
"4.5"	-62.2521246341463	47.1651790243902	472084.728170839	372756.753925677	"1988"	205.115127291576	52278.3166656318
"4.6"	-62.24517	47.5011043902439	469356.688484007	409915.382459566	"1988"	222.667076644896	63243.0485603774
"4.7"	-62.2483505128205	47.8323856410256	465914.59086071	446476.524059965	"1988"	31.1925584357758	1277.08106931705
"4.8"	-62.2504902564103	48.1688097435897	462504.340291844	483595.651234126	"1988"	1.82570072381121	4.81209299538943
"4.9"	-62.2470755263158	48.3859226315789	460657.842687668	507573.096047843	"1988"	0.10416835168001	0.0171779898947437
"5.1"	-62.7493007692308	46.5058253846154	440477.550379991	296661.878309954	"1988"	244.540249917881	76571.4280620296
"5.2"	-62.7510334146341	46.8296082926829	437460.379930388	332481.664246332	"1988"	415.340794317802	216253.390632009
"5.3"	-62.7504125	47.16851725	434489.329611461	369969.419551971	"1988"	322.339022386921	129584.911734607
"5.4"	-62.7492063414634	47.4997248780488	431631.582391272	406589.877635884	"1988"	267.986049524565	89577.5237807546
"5.5"	-62.74741075	47.83225475	428806.100789692	443342.162514868	"1988"	118.524692263136	17682.789225868
"5.6"	-62.7519592682927	48.1672929268293	425489.201159275	480316.822176966	"1988"	4.04774193545516	20.9467694285779
"5.7"	-62.747265	48.4304765789474	423495.157736089	509399.680779149	"1988"	0.32618913261475	0.145005134198821
"6.1"	-63.2491402564103	46.5102930769231	402227.751240551	294213.437413658	"1988"	177.995151068632	39398.5747473071
"6.2"	-63.2513482926829	46.8322463414634	399439.65018915	329847.976858142	"1988"	235.180017787579	68801.5422395067
"6.3"	-63.2510085365854	47.1676492682927	396738.067509929	366965.993357103	"1988"	368.381726522523	168575.508371416
"6.4"	-63.2500287804878	47.498067804878	394126.01073903	403517.092168064	"1988"	431.591749036961	232805.309658626
"6.5"	-63.248466	47.834712	391507.052326201	440741.797609754	"1988"	266.216162894158	88266.5051242774
"6.6"	-63.2519595121951	48.1677836585366	388543.07675857	477527.130966415	"1988"	30.9735355333255	1190.42628465659
"6.7"	-63.2472797435897	48.4961161538462	386222.153699888	513817.841434508	"1988"	2.83697088902948	10.1890235546986
"6.8"	-63.2502525	48.70224625	384331.222462968	536562.272363894	"1988"	0.854529097039009	0.971842228634845
"7.1"	-63.7464597560976	46.8334304878049	361809.647637546	327345.59855544	"1988"	236.079018511782	71204.0021525814
"7.2"	-63.7521	47.16577375	358936.059132761	364112.673385711	"1988"	425.327526293226	230060.252162516
"7.3"	-63.749593902439	47.5006512195122	356661.650815312	401182.17278995	"1988"	493.879000670199	302182.283203953
"7.4"	-63.750308	47.833669	354159.767423131	438011.844371817	"1988"	392.334823591529	190830.183304944
"7.5"	-63.7489702439024	48.1676275609756	351804.534465203	474938.878470963	"1988"	220.21996143301	60246.0581033995
"7.6"	-63.7488834146341	48.498637804878	349378.777948225	511518.254921844	"1988"	46.930423271064	2755.54387671649
"7.7"	-63.7510243589744	48.8298515384615	346789.94894362	548094.97044429	"1988"	2.2486747063331	6.48736901114126
"8.1"	-64.3730758974359	46.8332743589744	314173.468348785	324368.658229168	"1988"	19.8090399661324	490.902417089109
"8.2"	-64.25039625	47.1666125	321306.779365656	361837.14568484	"1988"	330.207550514501	135418.565340222
"8.3"	-64.250246097561	47.500507804878	319120.314489205	398802.322525997	"1988"	635.00918405376	499629.208553886
"8.4"	-64.2504348717949	47.8342966666667	316910.218128317	435736.23285387	"1988"	938.80272388759	1118321.49062229
"8.5"	-64.2552680487805	48.16834	314356.094123475	472661.040811167	"1988"	895.38486816593	1017388.61159596
"8.6"	-64.08243375	48.4981325	324886.569876582	509890.997265977	"1988"	206.154977003995	52999.7260471003
"8.7"	-64.0885979487179	48.7484051282051	322726.770506379	537518.766384427	"1988"	37.9761392418429	1812.47632445743
"9.1"	-64.6664007317073	46.8345875609756	291857.687428302	323272.120984389	"1988"	41.1239706340486	2115.93157583987
"9.2"	-64.74548	47.1700507317073	283890.788511935	360124.435980723	"1988"	141.276531983004	25514.403276685
"9.3"	-64.6624956097561	47.501352195122	288190.146874108	397146.465984739	"1988"	605.58363500768	467902.783102504
"9.4"	-64.75479125	47.93580625	278746.181661153	444868.431379192	"1988"	321.4348784756	128545.560473487
"9.5"	-64.7479702564103	48.1625905128205	277936.605103154	469986.114073412	"1988"	741.676304600893	681994.692432854
"1.1"	-60.9173561290323	46.8318080645161	576506.761688737	345716.596799721	"1989"	7.51586054090294	70.1584090542669
"1.2"	-60.7518202564103	47.1677838461538	585015.132779311	384126.153365578	"1989"	7.53291388729176	70.6057933744311
"1.3"	-60.7518171794872	47.4991305128205	581044.327850851	420658.123280453	"1989"	1.44185190350328	2.74285310729904
"1.4"	-60.7516643243243	47.8320867567568	577067.272234514	457350.99505047	"1989"	0.52776513913744	0.412500536177866
"1.5"	-60.7526330555556	48.1658583333333	572999.485433382	494107.962817711	"1989"	0.184957867187931	0.0531139291054367
"10.1"	-65.248061	47.9340275	242069.540821145	442876.545197071	"1989"	81.2151971343499	8497.42760073186
"11.1"	-65.7493197435897	47.9999905128205	204495.759083768	448615.006944755	"1989"	217.982372299165	61187.82750275
"12.1"	-66.12838	48.0495311111111	176144.283722934	453092.182698747	"1989"	26.7881911002535	910.006603047609
"2.1"	-61.2526164102564	46.5002064102564	554828.325564076	306449.255368057	"1989"	13.8534219993974	238.1564041816
"2.2"	-61.2438139473684	46.832285	551767.937178606	343195.641458842	"1989"	7.55715044671388	70.7199182102343
"2.3"	-61.252303	47.16639625	547376.253565787	380013.146143648	"1989"	10.0324758726608	125.759837502725
"2.4"	-61.2342417073171	47.4981892682927	545005.94223114	416758.667907858	"1989"	3.11406773280041	12.1764527780356
"2.5"	-61.2438780487805	47.8291019512195	540572.515011676	453178.259948557	"1989"	1.23039184925293	1.98424703583439
"2.6"	-61.249757	48.164506	536377.311145493	490105.572835156	"1989"	0.888251109477475	1.14368432656603
"3.1"	-61.7637307692308	45.8336828205128	522781.229103154	228891.006830664	"1989"	113.625930635884	16196.6450499486
"3.2"	-61.75005525	46.1677375	520342.221395964	265956.570860579	"1989"	36.2775654554196	1643.74960197046
"3.3"	-61.7483046153846	46.4992884615385	517007.009451745	302635.547333685	"1989"	27.5883160650369	944.317390758657
"3.4"	-61.74711625	46.832917	513607.623211568	339518.89023448	"1989"	15.7151028611703	308.73116261345
"3.5"	-61.75069	47.1599873170732	509918.766809975	375623.75670084	"1989"	25.4858642972704	804.199847347039
"3.6"	-61.8283812195122	47.5850885365854	499677.478040302	422010.615230489	"1989"	20.0480957872899	505.249180417711
"3.7"	-61.7473371052632	47.8309984210526	503161.171188203	449715.830809922	"1989"	6.16871291172478	48.76155176712
"3.8"	-61.746232051282	48.1685343589744	499718.885476494	486955.508090221	"1989"	1.27623632624828	2.40649855115645
"3.9"	-61.7488010810811	48.3275886486486	497869.760815293	504476.493661616	"1989"	0.328105988799732	0.165383670570242
"4.1"	-62.24718475	45.83468	485351.413587291	225595.978590349	"1989"	49.9781310187893	3141.46479452889
"4.2"	-62.2434276923077	46.1633033333333	482452.767287601	262008.976970938	"1989"	52.3558422471137	3432.84981107651
"4.3"	-62.250151025641	46.5709517948718	477985.988029402	307071.704417749	"1989"	50.8926211613852	3215.5366595222
"4.4"	-62.2505841463415	46.8321714634146	475423.655106098	335957.255319153	"1989"	18.9967250810145	447.207830449226
"4.5"	-62.2521246341463	47.1651790243902	472084.728170839	372756.753925677	"1989"	69.7586337825009	6038.85447151056
"4.6"	-62.24517	47.5011043902439	469356.688484007	409915.382459566	"1989"	263.411008627969	87482.3543981007
"4.7"	-62.2483505128205	47.8323856410256	465914.59086071	446476.524059965	"1989"	26.1437320356175	872.502457308661
"4.8"	-62.2504902564103	48.1688097435897	462504.340291844	483595.651234126	"1989"	2.75112582527709	10.3111780429619
"4.9"	-62.2470755263158	48.3859226315789	460657.842687668	507573.096047843	"1989"	0.307809061462235	0.146696632470286
"5.1"	-62.7493007692308	46.5058253846154	440477.550379991	296661.878309954	"1989"	21.8882570632647	616.40610376921
"5.2"	-62.7510334146341	46.8296082926829	437460.379930388	332481.664246332	"1989"	34.649142473448	1520.77889302646
"5.3"	-62.7504125	47.16851725	434489.329611461	369969.419551971	"1989"	123.723380190499	19166.945211517
"5.4"	-62.7492063414634	47.4997248780488	431631.582391272	406589.877635884	"1989"	322.039311897823	129712.454323866
"5.5"	-62.74741075	47.83225475	428806.100789692	443342.162514868	"1989"	112.708185293401	16095.6684401343
"5.6"	-62.7519592682927	48.1672929268293	425489.201159275	480316.822176966	"1989"	9.65082434150198	122.186665182815
"5.7"	-62.747265	48.4304765789474	423495.157736089	509399.680779149	"1989"	1.38781263640843	2.68656454217766
"6.1"	-63.2491402564103	46.5102930769231	402227.751240551	294213.437413658	"1989"	34.1656356580565	1473.99124840029
"6.2"	-63.2513482926829	46.8322463414634	399439.65018915	329847.976858142	"1989"	33.4289070707131	1411.45474688017
"6.3"	-63.2510085365854	47.1676492682927	396738.067509929	366965.993357103	"1989"	93.1764874178388	10887.2820410646
"6.4"	-63.2500287804878	47.498067804878	394126.01073903	403517.092168064	"1989"	210.993013837401	56408.2885291829
"6.5"	-63.248466	47.834712	391507.052326201	440741.797609754	"1989"	118.862667916618	17769.9020681508
"6.6"	-63.2519595121951	48.1677836585366	388543.07675857	477527.130966415	"1989"	49.620113724313	3074.16396259111
"6.7"	-63.2472797435897	48.4961161538462	386222.153699888	513817.841434508	"1989"	9.53064017898683	116.51279342979
"6.8"	-63.2502525	48.70224625	384331.222462968	536562.272363894	"1989"	2.91980717140124	11.5504913695542
"7.1"	-63.7464597560976	46.8334304878049	361809.647637546	327345.59855544	"1989"	62.7467137003977	5110.9383785326
"7.2"	-63.7521	47.16577375	358936.059132761	364112.673385711	"1989"	121.337621908978	18953.1601064184
"7.3"	-63.749593902439	47.5006512195122	356661.650815312	401182.17278995	"1989"	245.719501969824	75446.9630939709
"7.4"	-63.750308	47.833669	354159.767423131	438011.844371817	"1989"	275.5173006378	94751.5030636815
"7.5"	-63.7489702439024	48.1676275609756	351804.534465203	474938.878470963	"1989"	249.08757671622	77579.3517859137
"7.6"	-63.7488834146341	48.498637804878	349378.777948225	511518.254921844	"1989"	29.5160781080306	1097.62735248237
"7.7"	-63.7510243589744	48.8298515384615	346789.94894362	548094.97044429	"1989"	1.73527566572292	3.89415236908745
"8.1"	-64.3730758974359	46.8332743589744	314173.468348785	324368.658229168	"1989"	10.6585510514382	165.919746000393
"8.2"	-64.25039625	47.1666125	321306.779365656	361837.14568484	"1989"	82.01205845934	8653.04382527792
"8.3"	-64.250246097561	47.500507804878	319120.314489205	398802.322525997	"1989"	271.902921925193	92786.128163462
"8.4"	-64.2504348717949	47.8342966666667	316910.218128317	435736.23285387	"1989"	372.81253933965	177706.146635957
"8.5"	-64.2552680487805	48.16834	314356.094123475	472661.040811167	"1989"	189.848556466241	45963.8445750208
"8.6"	-64.08243375	48.4981325	324886.569876582	509890.997265977	"1989"	35.0794897425164	1542.79857128772
"8.7"	-64.0885979487179	48.7484051282051	322726.770506379	537518.766384427	"1989"	8.6685490246567	94.893503554883
"9.1"	-64.6664007317073	46.8345875609756	291857.687428302	323272.120984389	"1989"	29.3911491689689	1287.47740640055
"9.2"	-64.74548	47.1700507317073	283890.788511935	360124.435980723	"1989"	46.6773076118785	2846.53590521854
"9.3"	-64.6624956097561	47.501352195122	288190.146874108	397146.465984739	"1989"	241.771203117149	75643.8005498007
"9.4"	-64.75479125	47.93580625	278746.181661153	444868.431379192	"1989"	84.2378651425987	8939.63236582121
"9.5"	-64.7479702564103	48.1625905128205	277936.605103154	469986.114073412	"1989"	163.941227296443	33472.0057334819
"1.1"	-60.9173561290323	46.8318080645161	576506.761688737	345716.596799721	"1990"	14.4500738394148	261.235173171798
"1.2"	-60.7518202564103	47.1677838461538	585015.132779311	384126.153365578	"1990"	6.20211473334796	48.8832026944126
"1.3"	-60.7518171794872	47.4991305128205	581044.327850851	420658.123280453	"1990"	0.968107340681898	1.43207198728616
"1.4"	-60.7516643243243	47.8320867567568	577067.272234514	457350.99505047	"1990"	0.33377841760305	0.184136463473705
"1.5"	-60.7526330555556	48.1658583333333	572999.485433382	494107.962817711	"1990"	0.114291819576141	0.0218092080974156
"10.1"	-65.248061	47.9340275	242069.540821145	442876.545197071	"1990"	203.573184034571	52959.3928657588
"11.1"	-65.7493197435897	47.9999905128205	204495.759083768	448615.006944755	"1990"	594.758439899128	452256.40496466
"12.1"	-66.12838	48.0495311111111	176144.283722934	453092.182698747	"1990"	94.2556808343765	11139.6410141949
"2.1"	-61.2526164102564	46.5002064102564	554828.325564076	306449.255368057	"1990"	31.9870886096142	1272.67476310254
"2.2"	-61.2438139473684	46.832285	551767.937178606	343195.641458842	"1990"	8.33879843084087	86.384321400565
"2.3"	-61.252303	47.16639625	547376.253565787	380013.146143648	"1990"	3.65833681071039	17.1986976345156
"2.4"	-61.2342417073171	47.4981892682927	545005.94223114	416758.667907858	"1990"	1.08822655884253	1.60264965686744
"2.5"	-61.2438780487805	47.8291019512195	540572.515011676	453178.259948557	"1990"	0.653364803263277	0.663045756274688
"2.6"	-61.249757	48.164506	536377.311145493	490105.572835156	"1990"	0.558324538388628	0.515799745307934
"3.1"	-61.7637307692308	45.8336828205128	522781.229103154	228891.006830664	"1990"	66.7266199366633	5581.05215425349
"3.2"	-61.75005525	46.1677375	520342.221395964	265956.570860579	"1990"	28.0910883656592	986.002693164487
"3.3"	-61.7483046153846	46.4992884615385	517007.009451745	302635.547333685	"1990"	29.1865255385569	1058.03565854546
"3.4"	-61.74711625	46.832917	513607.623211568	339518.89023448	"1990"	8.2850981025942	86.5261410862112
"3.5"	-61.75069	47.1599873170732	509918.766809975	375623.75670084	"1990"	6.09423846771393	46.2706092025396
"3.6"	-61.8283812195122	47.5850885365854	499677.478040302	422010.615230489	"1990"	4.5350689739568	27.7780355502011
"3.7"	-61.7473371052632	47.8309984210526	503161.171188203	449715.830809922	"1990"	3.18804897301709	14.4562883005394
"3.8"	-61.746232051282	48.1685343589744	499718.885476494	486955.508090221	"1990"	1.05408181547661	1.81663659747407
"3.9"	-61.7488010810811	48.3275886486486	497869.760815293	504476.493661616	"1990"	0.288555906762753	0.137583797272352
"4.1"	-62.24718475	45.83468	485351.413587291	225595.978590349	"1990"	22.2119762262969	618.024942232262
"4.2"	-62.2434276923077	46.1633033333333	482452.767287601	262008.976970938	"1990"	43.2966537285333	2340.84951284646
"4.3"	-62.250151025641	46.5709517948718	477985.988029402	307071.704417749	"1990"	69.3775313286798	5973.76874663286
"4.4"	-62.2505841463415	46.8321714634146	475423.655106098	335957.255319153	"1990"	13.9043895293341	239.755590164339
"4.5"	-62.2521246341463	47.1651790243902	472084.728170839	372756.753925677	"1990"	14.6986175016973	269.140318745782
"4.6"	-62.24517	47.5011043902439	469356.688484007	409915.382459566	"1990"	44.0492885842694	2509.96434962961
"4.7"	-62.2483505128205	47.8323856410256	465914.59086071	446476.524059965	"1990"	28.5426168281777	1087.72119635939
"4.8"	-62.2504902564103	48.1688097435897	462504.340291844	483595.651234126	"1990"	4.64828231340848	32.6213894239292
"4.9"	-62.2470755263158	48.3859226315789	460657.842687668	507573.096047843	"1990"	0.400733859946178	0.264201496591194
"5.1"	-62.7493007692308	46.5058253846154	440477.550379991	296661.878309954	"1990"	42.8528179242195	2352.73758599284
"5.2"	-62.7510334146341	46.8296082926829	437460.379930388	332481.664246332	"1990"	61.950416059656	4819.94119585222
"5.3"	-62.7504125	47.16851725	434489.329611461	369969.419551971	"1990"	59.3727203440226	4405.48429318696
"5.4"	-62.7492063414634	47.4997248780488	431631.582391272	406589.877635884	"1990"	119.355338072012	17822.0873451295
"5.5"	-62.74741075	47.83225475	428806.100789692	443342.162514868	"1990"	132.129488939194	22170.6497970087
"5.6"	-62.7519592682927	48.1672929268293	425489.201159275	480316.822176966	"1990"	13.2761286092239	233.491040809864
"5.7"	-62.747265	48.4304765789474	423495.157736089	509399.680779149	"1990"	1.51966291250876	3.43905596992906
"6.1"	-63.2491402564103	46.5102930769231	402227.751240551	294213.437413658	"1990"	47.7626268555302	2837.65323925115
"6.2"	-63.2513482926829	46.8322463414634	399439.65018915	329847.976858142	"1990"	61.2144056804761	4663.73590601647
"6.3"	-63.2510085365854	47.1676492682927	396738.067509929	366965.993357103	"1990"	110.266837205113	15115.2635866621
"6.4"	-63.2500287804878	47.498067804878	394126.01073903	403517.092168064	"1990"	181.687315133032	41358.2743336679
"6.5"	-63.248466	47.834712	391507.052326201	440741.797609754	"1990"	156.12175624402	30464.4366064564
"6.6"	-63.2519595121951	48.1677836585366	388543.07675857	477527.130966415	"1990"	58.554723068046	4273.46610827582
"6.7"	-63.2472797435897	48.4961161538462	386222.153699888	513817.841434508	"1990"	4.86111082792942	30.5782363104283
"6.8"	-63.2502525	48.70224625	384331.222462968	536562.272363894	"1990"	1.53390492804998	3.26392993201833
"7.1"	-63.7464597560976	46.8334304878049	361809.647637546	327345.59855544	"1990"	120.287817954374	18494.1460373811
"7.2"	-63.7521	47.16577375	358936.059132761	364112.673385711	"1990"	270.404090437665	93046.528419015
"7.3"	-63.749593902439	47.5006512195122	356661.650815312	401182.17278995	"1990"	236.904877949446	69565.022858598
"7.4"	-63.750308	47.833669	354159.767423131	438011.844371817	"1990"	205.645679915397	52481.9032178617
"7.5"	-63.7489702439024	48.1676275609756	351804.534465203	474938.878470963	"1990"	89.9801037602604	10079.3780177608
"7.6"	-63.7488834146341	48.498637804878	349378.777948225	511518.254921844	"1990"	13.2053053310846	219.20933892173
"7.7"	-63.7510243589744	48.8298515384615	346789.94894362	548094.97044429	"1990"	2.00412841035619	5.21245041428371
"8.1"	-64.3730758974359	46.8332743589744	314173.468348785	324368.658229168	"1990"	18.0598136646669	408.16988474393
"8.2"	-64.25039625	47.1666125	321306.779365656	361837.14568484	"1990"	197.428216472498	48422.0326483406
"8.3"	-64.250246097561	47.500507804878	319120.314489205	398802.322525997	"1990"	325.635578981515	131424.948366742
"8.4"	-64.2504348717949	47.8342966666667	316910.218128317	435736.23285387	"1990"	448.414120689808	255354.405977596
"8.5"	-64.2552680487805	48.16834	314356.094123475	472661.040811167	"1990"	241.153394431777	73875.2714106816
"8.6"	-64.08243375	48.4981325	324886.569876582	509890.997265977	"1990"	33.5765266723164	1408.48970050238
"8.7"	-64.0885979487179	48.7484051282051	322726.770506379	537518.766384427	"1990"	12.7128078473956	203.695296037818
"9.1"	-64.6664007317073	46.8345875609756	291857.687428302	323272.120984389	"1990"	53.2480287322108	3548.40447618719
"9.2"	-64.74548	47.1700507317073	283890.788511935	360124.435980723	"1990"	123.946220298986	19644.9177073463
"9.3"	-64.6624956097561	47.501352195122	288190.146874108	397146.465984739	"1990"	422.444707011833	227794.211566569
"9.4"	-64.75479125	47.93580625	278746.181661153	444868.431379192	"1990"	176.35175238778	38709.8268677639
"9.5"	-64.7479702564103	48.1625905128205	277936.605103154	469986.114073412	"1990"	434.672265849524	234301.250412099
"1.1"	-60.9173561290323	46.8318080645161	576506.761688737	345716.596799721	"1991"	11.4718085215224	167.231775390115
"1.2"	-60.7518202564103	47.1677838461538	585015.132779311	384126.153365578	"1991"	4.41612513172454	25.3822131978631
"1.3"	-60.7518171794872	47.4991305128205	581044.327850851	420658.123280453	"1991"	0.929524715626024	1.32805288587268
"1.4"	-60.7516643243243	47.8320867567568	577067.272234514	457350.99505047	"1991"	0.492222202962592	0.392380812888859
"1.5"	-60.7526330555556	48.1658583333333	572999.485433382	494107.962817711	"1991"	0.254012302734591	0.105861276423462
"10.1"	-65.248061	47.9340275	242069.540821145	442876.545197071	"1991"	133.870217329013	22985.1785444879
"11.1"	-65.7493197435897	47.9999905128205	204495.759083768	448615.006944755	"1991"	298.180758873306	114008.271638227
"12.1"	-66.12838	48.0495311111111	176144.283722934	453092.182698747	"1991"	41.9199371800709	2211.90444692548
"2.1"	-61.2526164102564	46.5002064102564	554828.325564076	306449.255368057	"1991"	26.8454023053965	902.051034217095
"2.2"	-61.2438139473684	46.832285	551767.937178606	343195.641458842	"1991"	6.67837724576563	55.8674889723768
"2.3"	-61.252303	47.16639625	547376.253565787	380013.146143648	"1991"	3.03227654892658	12.3211888699752
"2.4"	-61.2342417073171	47.4981892682927	545005.94223114	416758.667907858	"1991"	1.36570737279313	2.47860511573288
"2.5"	-61.2438780487805	47.8291019512195	540572.515011676	453178.259948557	"1991"	1.83161109080344	4.7363009151184
"2.6"	-61.249757	48.164506	536377.311145493	490105.572835156	"1991"	2.68788931099548	11.4860961034033
"3.1"	-61.7637307692308	45.8336828205128	522781.229103154	228891.006830664	"1991"	90.0828145149667	10204.5456122853
"3.2"	-61.75005525	46.1677375	520342.221395964	265956.570860579	"1991"	44.8991095394846	2529.26568600545
"3.3"	-61.7483046153846	46.4992884615385	517007.009451745	302635.547333685	"1991"	41.7949647836004	2176.2770561122
"3.4"	-61.74711625	46.832917	513607.623211568	339518.89023448	"1991"	7.00085986166584	62.4997449602523
"3.5"	-61.75069	47.1599873170732	509918.766809975	375623.75670084	"1991"	5.23415326793952	34.1647607784672
"3.6"	-61.8283812195122	47.5850885365854	499677.478040302	422010.615230489	"1991"	14.5031226322583	268.076638752481
"3.7"	-61.7473371052632	47.8309984210526	503161.171188203	449715.830809922	"1991"	42.318871877531	2338.94657630394
"3.8"	-61.746232051282	48.1685343589744	499718.885476494	486955.508090221	"1991"	12.8863953065274	254.848493831849
"3.9"	-61.7488010810811	48.3275886486486	497869.760815293	504476.493661616	"1991"	2.73052900628928	11.8318260567748
"4.1"	-62.24718475	45.83468	485351.413587291	225595.978590349	"1991"	41.751393501896	2187.86189939122
"4.2"	-62.2434276923077	46.1633033333333	482452.767287601	262008.976970938	"1991"	110.328041545428	15233.4821372437
"4.3"	-62.250151025641	46.5709517948718	477985.988029402	307071.704417749	"1991"	139.051555112549	24025.8368754313
"4.4"	-62.2505841463415	46.8321714634146	475423.655106098	335957.255319153	"1991"	15.598697467403	301.932868110389
"4.5"	-62.2521246341463	47.1651790243902	472084.728170839	372756.753925677	"1991"	15.6284414688267	303.768315408749
"4.6"	-62.24517	47.5011043902439	469356.688484007	409915.382459566	"1991"	134.728593098687	22949.8260293993
"4.7"	-62.2483505128205	47.8323856410256	465914.59086071	446476.524059965	"1991"	283.83348011465	102435.156969425
"4.8"	-62.2504902564103	48.1688097435897	462504.340291844	483595.651234126	"1991"	58.5180636828277	4624.81094291184
"4.9"	-62.2470755263158	48.3859226315789	460657.842687668	507573.096047843	"1991"	3.0375028691258	14.4318148047726
"5.1"	-62.7493007692308	46.5058253846154	440477.550379991	296661.878309954	"1991"	75.253378305439	7262.20221350632
"5.2"	-62.7510334146341	46.8296082926829	437460.379930388	332481.664246332	"1991"	86.4297563683222	9389.3861681092
"5.3"	-62.7504125	47.16851725	434489.329611461	369969.419551971	"1991"	96.1060589214901	11527.1801836199
"5.4"	-62.7492063414634	47.4997248780488	431631.582391272	406589.877635884	"1991"	289.781092375047	104651.749076827
"5.5"	-62.74741075	47.83225475	428806.100789692	443342.162514868	"1991"	653.106519299814	535374.873162984
"5.6"	-62.7519592682927	48.1672929268293	425489.201159275	480316.822176966	"1991"	46.5344327901382	2780.64241834961
"5.7"	-62.747265	48.4304765789474	423495.157736089	509399.680779149	"1991"	4.18722552121844	25.1998829194417
"6.1"	-63.2491402564103	46.5102930769231	402227.751240551	294213.437413658	"1991"	100.223084155643	12502.0125365617
"6.2"	-63.2513482926829	46.8322463414634	399439.65018915	329847.976858142	"1991"	91.0583032628901	10324.6849692438
"6.3"	-63.2510085365854	47.1676492682927	396738.067509929	366965.993357103	"1991"	144.528871098147	25973.1236035026
"6.4"	-63.2500287804878	47.498067804878	394126.01073903	403517.092168064	"1991"	463.977974741299	269837.173698836
"6.5"	-63.248466	47.834712	391507.052326201	440741.797609754	"1991"	448.681038951422	252160.274896437
"6.6"	-63.2519595121951	48.1677836585366	388543.07675857	477527.130966415	"1991"	80.2720874368141	8091.17655687047
"6.7"	-63.2472797435897	48.4961161538462	386222.153699888	513817.841434508	"1991"	12.3099353206451	209.228587039181
"6.8"	-63.2502525	48.70224625	384331.222462968	536562.272363894	"1991"	4.25716831189583	27.3146518031673
"7.1"	-63.7464597560976	46.8334304878049	361809.647637546	327345.59855544	"1991"	179.780245073214	41346.768588087
"7.2"	-63.7521	47.16577375	358936.059132761	364112.673385711	"1991"	221.917641496331	62738.9579158709
"7.3"	-63.749593902439	47.5006512195122	356661.650815312	401182.17278995	"1991"	303.614068603784	114425.893875677
"7.4"	-63.750308	47.833669	354159.767423131	438011.844371817	"1991"	340.331189497399	144353.456762981
"7.5"	-63.7489702439024	48.1676275609756	351804.534465203	474938.878470963	"1991"	207.743633058393	54631.9383092514
"7.6"	-63.7488834146341	48.498637804878	349378.777948225	511518.254921844	"1991"	52.9329684136116	3743.36301375897
"7.7"	-63.7510243589744	48.8298515384615	346789.94894362	548094.97044429	"1991"	6.07552958404987	51.1433481579597
"8.1"	-64.3730758974359	46.8332743589744	314173.468348785	324368.658229168	"1991"	36.001387325064	1624.99653243135
"8.2"	-64.25039625	47.1666125	321306.779365656	361837.14568484	"1991"	227.805952659439	64562.2398954503
"8.3"	-64.250246097561	47.500507804878	319120.314489205	398802.322525997	"1991"	447.627608877899	248797.347970624
"8.4"	-64.2504348717949	47.8342966666667	316910.218128317	435736.23285387	"1991"	610.933531188066	476091.783370816
"8.5"	-64.2552680487805	48.16834	314356.094123475	472661.040811167	"1991"	621.017234621369	493230.65411466
"8.6"	-64.08243375	48.4981325	324886.569876582	509890.997265977	"1991"	146.338802904529	27580.477790002
"8.7"	-64.0885979487179	48.7484051282051	322726.770506379	537518.766384427	"1991"	70.5393077322998	6492.49039076213
"9.1"	-64.6664007317073	46.8345875609756	291857.687428302	323272.120984389	"1991"	122.227807493626	18732.6549898826
"9.2"	-64.74548	47.1700507317073	283890.788511935	360124.435980723	"1991"	219.746403947917	61869.5029360574
"9.3"	-64.6624956097561	47.501352195122	288190.146874108	397146.465984739	"1991"	606.921573834518	471531.344728489
"9.4"	-64.75479125	47.93580625	278746.181661153	444868.431379192	"1991"	219.130683826197	60124.3231151746
"9.5"	-64.7479702564103	48.1625905128205	277936.605103154	469986.114073412	"1991"	617.340780842247	474687.649306372
"1.1"	-60.9173561290323	46.8318080645161	576506.761688737	345716.596799721	"1992"	7.63887941685356	72.5355331155765
"1.2"	-60.7518202564103	47.1677838461538	585015.132779311	384126.153365578	"1992"	9.40049339802376	110.039252203488
"1.3"	-60.7518171794872	47.4991305128205	581044.327850851	420658.123280453	"1992"	2.74338581901685	9.99235624030855
"1.4"	-60.7516643243243	47.8320867567568	577067.272234514	457350.99505047	"1992"	0.623754676757695	0.588490496022282
"1.5"	-60.7526330555556	48.1658583333333	572999.485433382	494107.962817711	"1992"	0.14429920596265	0.0333490867718498
"10.1"	-65.248061	47.9340275	242069.540821145	442876.545197071	"1992"	338.607890954007	147057.609224138
"11.1"	-65.7493197435897	47.9999905128205	204495.759083768	448615.006944755	"1992"	650.047756093171	541937.908899393
"12.1"	-66.12838	48.0495311111111	176144.283722934	453092.182698747	"1992"	73.1405785964903	6735.38370721122
"2.1"	-61.2526164102564	46.5002064102564	554828.325564076	306449.255368057	"1992"	14.9354168330276	277.167965260553
"2.2"	-61.2438139473684	46.832285	551767.937178606	343195.641458842	"1992"	6.88310600451083	58.7001125746076
"2.3"	-61.252303	47.16639625	547376.253565787	380013.146143648	"1992"	7.26006902468733	65.9509901114685
"2.4"	-61.2342417073171	47.4981892682927	545005.94223114	416758.667907858	"1992"	2.1287962595844	5.69461699460955
"2.5"	-61.2438780487805	47.8291019512195	540572.515011676	453178.259948557	"1992"	0.763371671562103	0.770002619614296
"2.6"	-61.249757	48.164506	536377.311145493	490105.572835156	"1992"	0.518287032092628	0.409129532235745
"3.1"	-61.7637307692308	45.8336828205128	522781.229103154	228891.006830664	"1992"	21.9450482895511	606.999875087844
"3.2"	-61.75005525	46.1677375	520342.221395964	265956.570860579	"1992"	29.23580869754	1072.6095029015
"3.3"	-61.7483046153846	46.4992884615385	517007.009451745	302635.547333685	"1992"	46.5157598264311	2691.19661865819
"3.4"	-61.74711625	46.832917	513607.623211568	339518.89023448	"1992"	19.7546570372657	490.40083867498
"3.5"	-61.75069	47.1599873170732	509918.766809975	375623.75670084	"1992"	12.8247274163447	203.710035815835
"3.6"	-61.8283812195122	47.5850885365854	499677.478040302	422010.615230489	"1992"	4.88531203310451	29.9100704045948
"3.7"	-61.7473371052632	47.8309984210526	503161.171188203	449715.830809922	"1992"	3.51063371826258	15.652348693716
"3.8"	-61.746232051282	48.1685343589744	499718.885476494	486955.508090221	"1992"	0.944674509982897	1.2697231475737
"3.9"	-61.7488010810811	48.3275886486486	497869.760815293	504476.493661616	"1992"	0.32289224653642	0.158307717369672
"4.1"	-62.24718475	45.83468	485351.413587291	225595.978590349	"1992"	4.46502032226744	25.3022206687438
"4.2"	-62.2434276923077	46.1633033333333	482452.767287601	262008.976970938	"1992"	26.0381442356716	858.647909383492
"4.3"	-62.250151025641	46.5709517948718	477985.988029402	307071.704417749	"1992"	165.252925968708	34105.6992903712
"4.4"	-62.2505841463415	46.8321714634146	475423.655106098	335957.255319153	"1992"	49.9191739935127	3096.66316567892
"4.5"	-62.2521246341463	47.1651790243902	472084.728170839	372756.753925677	"1992"	43.4258770944625	2342.05894471942
"4.6"	-62.24517	47.5011043902439	469356.688484007	409915.382459566	"1992"	74.2748005489468	6927.67717190199
"4.7"	-62.2483505128205	47.8323856410256	465914.59086071	446476.524059965	"1992"	32.0089045446978	1290.24141079528
"4.8"	-62.2504902564103	48.1688097435897	462504.340291844	483595.651234126	"1992"	11.8250659929631	184.213359465161
"4.9"	-62.2470755263158	48.3859226315789	460657.842687668	507573.096047843	"1992"	1.5262694946106	3.57080503462415
"5.1"	-62.7493007692308	46.5058253846154	440477.550379991	296661.878309954	"1992"	34.7471697500357	1567.04663437473
"5.2"	-62.7510334146341	46.8296082926829	437460.379930388	332481.664246332	"1992"	77.7624239269496	7823.17749887831
"5.3"	-62.7504125	47.16851725	434489.329611461	369969.419551971	"1992"	104.150740376932	13602.549603403
"5.4"	-62.7492063414634	47.4997248780488	431631.582391272	406589.877635884	"1992"	144.325666523159	25967.6839249493
"5.5"	-62.74741075	47.83225475	428806.100789692	443342.162514868	"1992"	348.125532301406	151780.021583331
"5.6"	-62.7519592682927	48.1672929268293	425489.201159275	480316.822176966	"1992"	202.188610588928	52181.6841563127
"5.7"	-62.747265	48.4304765789474	423495.157736089	509399.680779149	"1992"	20.2420755641805	584.268890390701
"6.1"	-63.2491402564103	46.5102930769231	402227.751240551	294213.437413658	"1992"	39.0976869919818	2004.128831793
"6.2"	-63.2513482926829	46.8322463414634	399439.65018915	329847.976858142	"1992"	50.2105712597884	3228.57228812654
"6.3"	-63.2510085365854	47.1676492682927	396738.067509929	366965.993357103	"1992"	101.777296728767	12973.419963606
"6.4"	-63.2500287804878	47.498067804878	394126.01073903	403517.092168064	"1992"	235.163390423271	69575.253161546
"6.5"	-63.248466	47.834712	391507.052326201	440741.797609754	"1992"	501.038380244607	314035.696512659
"6.6"	-63.2519595121951	48.1677836585366	388543.07675857	477527.130966415	"1992"	355.879104338729	158374.131265733
"6.7"	-63.2472797435897	48.4961161538462	386222.153699888	513817.841434508	"1992"	49.1685542461606	3309.48760979465
"6.8"	-63.2502525	48.70224625	384331.222462968	536562.272363894	"1992"	11.9146619084281	217.225302513268
"7.1"	-63.7464597560976	46.8334304878049	361809.647637546	327345.59855544	"1992"	71.8367357660451	6679.78492404438
"7.2"	-63.7521	47.16577375	358936.059132761	364112.673385711	"1992"	128.692530989658	21222.2085019836
"7.3"	-63.749593902439	47.5006512195122	356661.650815312	401182.17278995	"1992"	304.472175581607	115256.617401054
"7.4"	-63.750308	47.833669	354159.767423131	438011.844371817	"1992"	470.158219740731	275179.803657206
"7.5"	-63.7489702439024	48.1676275609756	351804.534465203	474938.878470963	"1992"	401.764468582171	202617.203973033
"7.6"	-63.7488834146341	48.498637804878	349378.777948225	511518.254921844	"1992"	53.8029718714369	3783.06645936353
"7.7"	-63.7510243589744	48.8298515384615	346789.94894362	548094.97044429	"1992"	6.39441352425549	59.9161430708204
"8.1"	-64.3730758974359	46.8332743589744	314173.468348785	324368.658229168	"1992"	5.87355734311559	44.0624110692314
"8.2"	-64.25039625	47.1666125	321306.779365656	361837.14568484	"1992"	64.965645810143	5276.35630673251
"8.3"	-64.250246097561	47.500507804878	319120.314489205	398802.322525997	"1992"	290.394388069241	104827.423985411
"8.4"	-64.2504348717949	47.8342966666667	316910.218128317	435736.23285387	"1992"	750.264260640393	717619.41558779
"8.5"	-64.2552680487805	48.16834	314356.094123475	472661.040811167	"1992"	490.576077326737	307159.144535935
"8.6"	-64.08243375	48.4981325	324886.569876582	509890.997265977	"1992"	79.3764858040953	8042.22958539018
"8.7"	-64.0885979487179	48.7484051282051	322726.770506379	537518.766384427	"1992"	29.0711527992072	1117.47898088882
"9.1"	-64.6664007317073	46.8345875609756	291857.687428302	323272.120984389	"1992"	14.6051960064704	270.878950699442
"9.2"	-64.74548	47.1700507317073	283890.788511935	360124.435980723	"1992"	44.5140151083356	2547.96989922187
"9.3"	-64.6624956097561	47.501352195122	288190.146874108	397146.465984739	"1992"	329.705974538292	139373.787190579
"9.4"	-64.75479125	47.93580625	278746.181661153	444868.431379192	"1992"	290.529590635492	105584.259926797
"9.5"	-64.7479702564103	48.1625905128205	277936.605103154	469986.114073412	"1992"	657.619696662306	538005.499772338
"1.1"	-60.9173561290323	46.8318080645161	576506.761688737	345716.596799721	"1993"	17.2153295777119	370.086707009865
"1.2"	-60.7518202564103	47.1677838461538	585015.132779311	384126.153365578	"1993"	6.94877923092089	60.9704617687709
"1.3"	-60.7518171794872	47.4991305128205	581044.327850851	420658.123280453	"1993"	0.741297540448322	0.809015074924443
"1.4"	-60.7516643243243	47.8320867567568	577067.272234514	457350.99505047	"1993"	0.175935352314264	0.0497536328644316
"1.5"	-60.7526330555556	48.1658583333333	572999.485433382	494107.962817711	"1993"	0.0597141366941125	0.00585350792287356
"10.1"	-65.248061	47.9340275	242069.540821145	442876.545197071	"1993"	104.116509047474	13916.1152229425
"11.1"	-65.7493197435897	47.9999905128205	204495.759083768	448615.006944755	"1993"	301.792588365711	116952.5257474
"12.1"	-66.12838	48.0495311111111	176144.283722934	453092.182698747	"1993"	60.4979746174701	4619.88233137292
"2.1"	-61.2526164102564	46.5002064102564	554828.325564076	306449.255368057	"1993"	19.9393312891368	494.223235088991
"2.2"	-61.2438139473684	46.832285	551767.937178606	343195.641458842	"1993"	7.94299203453173	78.2852256975304
"2.3"	-61.252303	47.16639625	547376.253565787	380013.146143648	"1993"	3.31503794445223	13.9194385035392
"2.4"	-61.2342417073171	47.4981892682927	545005.94223114	416758.667907858	"1993"	0.649984181179076	0.545650753203192
"2.5"	-61.2438780487805	47.8291019512195	540572.515011676	453178.259948557	"1993"	0.266107511221823	0.100169943026537
"2.6"	-61.249757	48.164506	536377.311145493	490105.572835156	"1993"	0.292323380170591	0.137439746310159
"3.1"	-61.7637307692308	45.8336828205128	522781.229103154	228891.006830664	"1993"	55.9201495568801	3918.77022593193
"3.2"	-61.75005525	46.1677375	520342.221395964	265956.570860579	"1993"	16.6398018166161	345.776906106975
"3.3"	-61.7483046153846	46.4992884615385	517007.009451745	302635.547333685	"1993"	15.7544728547841	308.089530689185
"3.4"	-61.74711625	46.832917	513607.623211568	339518.89023448	"1993"	6.49207248130993	52.8685354321473
"3.5"	-61.75069	47.1599873170732	509918.766809975	375623.75670084	"1993"	6.17105917464875	47.2462744304802
"3.6"	-61.8283812195122	47.5850885365854	499677.478040302	422010.615230489	"1993"	3.44303366753609	15.2414073440203
"3.7"	-61.7473371052632	47.8309984210526	503161.171188203	449715.830809922	"1993"	2.01877955602355	5.50892437660608
"3.8"	-61.746232051282	48.1685343589744	499718.885476494	486955.508090221	"1993"	0.829057395797835	1.09982279427929
"3.9"	-61.7488010810811	48.3275886486486	497869.760815293	504476.493661616	"1993"	0.264925748133964	0.114135049626929
"4.1"	-62.24718475	45.83468	485351.413587291	225595.978590349	"1993"	10.9143737743229	149.200026577478
"4.2"	-62.2434276923077	46.1633033333333	482452.767287601	262008.976970938	"1993"	19.6411032953319	481.532648596673
"4.3"	-62.250151025641	46.5709517948718	477985.988029402	307071.704417749	"1993"	35.5033122732608	1563.62076669901
"4.4"	-62.2505841463415	46.8321714634146	475423.655106098	335957.255319153	"1993"	8.13590730974449	82.0240213278924
"4.5"	-62.2521246341463	47.1651790243902	472084.728170839	372756.753925677	"1993"	13.1918007710443	216.243578466248
"4.6"	-62.24517	47.5011043902439	469356.688484007	409915.382459566	"1993"	73.7236371901858	6962.98477658468
"4.7"	-62.2483505128205	47.8323856410256	465914.59086071	446476.524059965	"1993"	28.1894030334973	1075.33680067661
"4.8"	-62.2504902564103	48.1688097435897	462504.340291844	483595.651234126	"1993"	7.45108045467814	82.3617098835585
"4.9"	-62.2470755263158	48.3859226315789	460657.842687668	507573.096047843	"1993"	0.715638044195184	0.826449313413102
"5.1"	-62.7493007692308	46.5058253846154	440477.550379991	296661.878309954	"1993"	26.2568055142744	883.000426303821
"5.2"	-62.7510334146341	46.8296082926829	437460.379930388	332481.664246332	"1993"	45.3785050822577	2583.5541596102
"5.3"	-62.7504125	47.16851725	434489.329611461	369969.419551971	"1993"	68.9643057990973	5940.52080174758
"5.4"	-62.7492063414634	47.4997248780488	431631.582391272	406589.877635884	"1993"	125.426466775603	19695.9342754836
"5.5"	-62.74741075	47.83225475	428806.100789692	443342.162514868	"1993"	223.137653291938	63372.273637402
"5.6"	-62.7519592682927	48.1672929268293	425489.201159275	480316.822176966	"1993"	53.9500577566361	3776.24302607684
"5.7"	-62.747265	48.4304765789474	423495.157736089	509399.680779149	"1993"	4.28730290338825	25.82843787964
"6.1"	-63.2491402564103	46.5102930769231	402227.751240551	294213.437413658	"1993"	85.0857975085537	9006.1017847131
"6.2"	-63.2513482926829	46.8322463414634	399439.65018915	329847.976858142	"1993"	113.737966912942	16103.5570885104
"6.3"	-63.2510085365854	47.1676492682927	396738.067509929	366965.993357103	"1993"	225.571970140751	63282.7937973205
"6.4"	-63.2500287804878	47.498067804878	394126.01073903	403517.092168064	"1993"	341.941286866136	146731.407233768
"6.5"	-63.248466	47.834712	391507.052326201	440741.797609754	"1993"	390.715304770605	190987.272875392
"6.6"	-63.2519595121951	48.1677836585366	388543.07675857	477527.130966415	"1993"	126.005996365931	19768.8565296226
"6.7"	-63.2472797435897	48.4961161538462	386222.153699888	513817.841434508	"1993"	10.2398980393771	135.366500493335
"6.8"	-63.2502525	48.70224625	384331.222462968	536562.272363894	"1993"	2.11949096102936	6.29472340345655
"7.1"	-63.7464597560976	46.8334304878049	361809.647637546	327345.59855544	"1993"	452.017867925782	261303.025586056
"7.2"	-63.7521	47.16577375	358936.059132761	364112.673385711	"1993"	695.396706371744	615896.340080824
"7.3"	-63.749593902439	47.5006512195122	356661.650815312	401182.17278995	"1993"	543.655553420479	366664.699496212
"7.4"	-63.750308	47.833669	354159.767423131	438011.844371817	"1993"	303.339248462865	114367.589075044
"7.5"	-63.7489702439024	48.1676275609756	351804.534465203	474938.878470963	"1993"	105.265501426658	13847.006022727
"7.6"	-63.7488834146341	48.498637804878	349378.777948225	511518.254921844	"1993"	11.1814681904475	159.958553689137
"7.7"	-63.7510243589744	48.8298515384615	346789.94894362	548094.97044429	"1993"	0.792342908601098	0.862245363819573
"8.1"	-64.3730758974359	46.8332743589744	314173.468348785	324368.658229168	"1993"	105.869023666857	14046.8943598143
"8.2"	-64.25039625	47.1666125	321306.779365656	361837.14568484	"1993"	767.181151472036	731966.112820305
"8.3"	-64.250246097561	47.500507804878	319120.314489205	398802.322525997	"1993"	818.940727670243	832257.831105868
"8.4"	-64.2504348717949	47.8342966666667	316910.218128317	435736.23285387	"1993"	437.825219745861	244168.95514703
"8.5"	-64.2552680487805	48.16834	314356.094123475	472661.040811167	"1993"	166.783404119884	35513.8599884807
"8.6"	-64.08243375	48.4981325	324886.569876582	509890.997265977	"1993"	18.9857651553096	460.589276956328
"8.7"	-64.0885979487179	48.7484051282051	322726.770506379	537518.766384427	"1993"	5.64608976963751	42.5168476360936
"9.1"	-64.6664007317073	46.8345875609756	291857.687428302	323272.120984389	"1993"	276.817747540287	96056.933413609
"9.2"	-64.74548	47.1700507317073	283890.788511935	360124.435980723	"1993"	331.841110085434	141057.388689754
"9.3"	-64.6624956097561	47.501352195122	288190.146874108	397146.465984739	"1993"	752.716970815024	725004.460911846
"9.4"	-64.75479125	47.93580625	278746.181661153	444868.431379192	"1993"	137.908236271356	23815.2830126364
"9.5"	-64.7479702564103	48.1625905128205	277936.605103154	469986.114073412	"1993"	214.234285678303	57228.6877898985
"1.1"	-60.9173561290323	46.8318080645161	576506.761688737	345716.596799721	"1994"	2.37091697974289	7.06891763560699
"1.2"	-60.7518202564103	47.1677838461538	585015.132779311	384126.153365578	"1994"	3.07310420568259	12.2403453467093
"1.3"	-60.7518171794872	47.4991305128205	581044.327850851	420658.123280453	"1994"	0.622430352488707	0.620768537754664
"1.4"	-60.7516643243243	47.8320867567568	577067.272234514	457350.99505047	"1994"	0.236669798266173	0.0940805482671331
"1.5"	-60.7526330555556	48.1658583333333	572999.485433382	494107.962817711	"1994"	0.0832998000034695	0.0116955034717443
"10.1"	-65.248061	47.9340275	242069.540821145	442876.545197071	"1994"	62.4051208887107	4980.29561218896
"11.1"	-65.7493197435897	47.9999905128205	204495.759083768	448615.006944755	"1994"	382.936415202851	187555.236841419
"12.1"	-66.12838	48.0495311111111	176144.283722934	453092.182698747	"1994"	126.459850264211	20056.7759964523
"2.1"	-61.2526164102564	46.5002064102564	554828.325564076	306449.255368057	"1994"	2.48194874203807	7.6703051817276
"2.2"	-61.2438139473684	46.832285	551767.937178606	343195.641458842	"1994"	1.27500524393321	2.02406718285969
"2.3"	-61.252303	47.16639625	547376.253565787	380013.146143648	"1994"	0.816836185336499	0.884414867411111
"2.4"	-61.2342417073171	47.4981892682927	545005.94223114	416758.667907858	"1994"	0.334497938931988	0.165618307340321
"2.5"	-61.2438780487805	47.8291019512195	540572.515011676	453178.259948557	"1994"	0.263503383465312	0.11399697883379
"2.6"	-61.249757	48.164506	536377.311145493	490105.572835156	"1994"	0.302028629007939	0.153634686209194
"3.1"	-61.7637307692308	45.8336828205128	522781.229103154	228891.006830664	"1994"	13.2810670978959	221.159909105027
"3.2"	-61.75005525	46.1677375	520342.221395964	265956.570860579	"1994"	3.43584222808406	14.7621631167882
"3.3"	-61.7483046153846	46.4992884615385	517007.009451745	302635.547333685	"1994"	4.73506184704282	27.8708546405359
"3.4"	-61.74711625	46.832917	513607.623211568	339518.89023448	"1994"	1.43194695913214	2.6063683379093
"3.5"	-61.75069	47.1599873170732	509918.766809975	375623.75670084	"1994"	0.555474405907732	0.387381609983947
"3.6"	-61.8283812195122	47.5850885365854	499677.478040302	422010.615230489	"1994"	0.399125891343421	0.230581266278556
"3.7"	-61.7473371052632	47.8309984210526	503161.171188203	449715.830809922	"1994"	0.6681172647139	0.710470912329703
"3.8"	-61.746232051282	48.1685343589744	499718.885476494	486955.508090221	"1994"	0.416843616515585	0.292905306812413
"3.9"	-61.7488010810811	48.3275886486486	497869.760815293	504476.493661616	"1994"	0.141202925385301	0.0336509897852467
"4.1"	-62.24718475	45.83468	485351.413587291	225595.978590349	"1994"	5.15170386524271	33.2526826301049
"4.2"	-62.2434276923077	46.1633033333333	482452.767287601	262008.976970938	"1994"	10.5675431253646	139.540365472211
"4.3"	-62.250151025641	46.5709517948718	477985.988029402	307071.704417749	"1994"	20.3777816065559	515.858166404079
"4.4"	-62.2505841463415	46.8321714634146	475423.655106098	335957.255319153	"1994"	2.74964199867361	9.39297640341555
"4.5"	-62.2521246341463	47.1651790243902	472084.728170839	372756.753925677	"1994"	1.22669383851839	1.89243770483199
"4.6"	-62.24517	47.5011043902439	469356.688484007	409915.382459566	"1994"	3.93953314708394	21.9119471724177
"4.7"	-62.2483505128205	47.8323856410256	465914.59086071	446476.524059965	"1994"	3.59155160099491	19.7922032899612
"4.8"	-62.2504902564103	48.1688097435897	462504.340291844	483595.651234126	"1994"	1.6377419233452	4.41212323044785
"4.9"	-62.2470755263158	48.3859226315789	460657.842687668	507573.096047843	"1994"	0.219438086646057	0.0815112357481649
"5.1"	-62.7493007692308	46.5058253846154	440477.550379991	296661.878309954	"1994"	29.4553508457028	1112.82702555612
"5.2"	-62.7510334146341	46.8296082926829	437460.379930388	332481.664246332	"1994"	30.2649921817557	1156.78520571388
"5.3"	-62.7504125	47.16851725	434489.329611461	369969.419551971	"1994"	12.1309341587046	185.559751475032
"5.4"	-62.7492063414634	47.4997248780488	431631.582391272	406589.877635884	"1994"	20.277404545398	525.670840997224
"5.5"	-62.74741075	47.83225475	428806.100789692	443342.162514868	"1994"	43.0790615472309	2522.41395514793
"5.6"	-62.7519592682927	48.1672929268293	425489.201159275	480316.822176966	"1994"	7.78395102437809	92.1545750810816
"5.7"	-62.747265	48.4304765789474	423495.157736089	509399.680779149	"1994"	1.04012944756199	1.77373108697997
"6.1"	-63.2491402564103	46.5102930769231	402227.751240551	294213.437413658	"1994"	99.4048026590326	12298.3598119953
"6.2"	-63.2513482926829	46.8322463414634	399439.65018915	329847.976858142	"1994"	134.486577175272	22543.74183309
"6.3"	-63.2510085365854	47.1676492682927	396738.067509929	366965.993357103	"1994"	104.478586400993	13607.3394302478
"6.4"	-63.2500287804878	47.498067804878	394126.01073903	403517.092168064	"1994"	219.741645862824	61205.9826576169
"6.5"	-63.248466	47.834712	391507.052326201	440741.797609754	"1994"	111.258997401328	15766.4892522128
"6.6"	-63.2519595121951	48.1677836585366	388543.07675857	477527.130966415	"1994"	32.0215639611506	1314.24294778227
"6.7"	-63.2472797435897	48.4961161538462	386222.153699888	513817.841434508	"1994"	3.77100513397636	20.3658548011456
"6.8"	-63.2502525	48.70224625	384331.222462968	536562.272363894	"1994"	0.952188597795727	1.39223147091738
"7.1"	-63.7464597560976	46.8334304878049	361809.647637546	327345.59855544	"1994"	304.235531149987	118436.178647503
"7.2"	-63.7521	47.16577375	358936.059132761	364112.673385711	"1994"	315.020929933159	126496.176220975
"7.3"	-63.749593902439	47.5006512195122	356661.650815312	401182.17278995	"1994"	428.185222749125	227635.80506263
"7.4"	-63.750308	47.833669	354159.767423131	438011.844371817	"1994"	205.534640839177	52624.1992179486
"7.5"	-63.7489702439024	48.1676275609756	351804.534465203	474938.878470963	"1994"	102.709502542769	13257.7519972206
"7.6"	-63.7488834146341	48.498637804878	349378.777948225	511518.254921844	"1994"	12.7091790230107	207.6503169599
"7.7"	-63.7510243589744	48.8298515384615	346789.94894362	548094.97044429	"1994"	0.691220025789191	0.642380135661128
"8.1"	-64.3730758974359	46.8332743589744	314173.468348785	324368.658229168	"1994"	37.0958348248635	1723.44455715269
"8.2"	-64.25039625	47.1666125	321306.779365656	361837.14568484	"1994"	213.444860539398	56636.6907612467
"8.3"	-64.250246097561	47.500507804878	319120.314489205	398802.322525997	"1994"	263.737055307201	86279.1220702027
"8.4"	-64.2504348717949	47.8342966666667	316910.218128317	435736.23285387	"1994"	215.664215301172	59190.7245020936
"8.5"	-64.2552680487805	48.16834	314356.094123475	472661.040811167	"1994"	134.722640682112	23114.3462966557
"8.6"	-64.08243375	48.4981325	324886.569876582	509890.997265977	"1994"	34.1968925216446	1471.46832133972
"8.7"	-64.0885979487179	48.7484051282051	322726.770506379	537518.766384427	"1994"	6.68614679210555	56.8803853852596
"9.1"	-64.6664007317073	46.8345875609756	291857.687428302	323272.120984389	"1994"	86.4242757795014	9352.53556533458
"9.2"	-64.74548	47.1700507317073	283890.788511935	360124.435980723	"1994"	79.6907222481002	8126.65827558404
"9.3"	-64.6624956097561	47.501352195122	288190.146874108	397146.465984739	"1994"	174.420710428112	38874.2335583066
"9.4"	-64.75479125	47.93580625	278746.181661153	444868.431379192	"1994"	48.0878402307994	2881.67899816229
"9.5"	-64.7479702564103	48.1625905128205	277936.605103154	469986.114073412	"1994"	121.534209068523	18328.2593196564
"1.1"	-60.9173561290323	46.8318080645161	576506.761688737	345716.596799721	"1996"	10.667907119645	141.312253376158
"1.2"	-60.7518202564103	47.1677838461538	585015.132779311	384126.153365578	"1996"	11.6205900006288	168.193736128403
"1.3"	-60.7518171794872	47.4991305128205	581044.327850851	420658.123280453	"1996"	1.93462481274391	5.08605837396333
"1.4"	-60.7516643243243	47.8320867567568	577067.272234514	457350.99505047	"1996"	0.486727885734631	0.376173171339742
"1.5"	-60.7526330555556	48.1658583333333	572999.485433382	494107.962817711	"1996"	0.108250694844495	0.0193680080724068
"10.1"	-65.248061	47.9340275	242069.540821145	442876.545197071	"1996"	17.4243865019607	389.335233648706
"11.1"	-65.7493197435897	47.9999905128205	204495.759083768	448615.006944755	"1996"	28.6533495548804	1052.58639657861
"12.1"	-66.12838	48.0495311111111	176144.283722934	453092.182698747	"1996"	3.52606003543242	15.6453700480655
"2.1"	-61.2526164102564	46.5002064102564	554828.325564076	306449.255368057	"1996"	8.84510332658854	97.028085134153
"2.2"	-61.2438139473684	46.832285	551767.937178606	343195.641458842	"1996"	9.67409156456149	115.870675303708
"2.3"	-61.252303	47.16639625	547376.253565787	380013.146143648	"1996"	11.06630357578	153.324313796638
"2.4"	-61.2342417073171	47.4981892682927	545005.94223114	416758.667907858	"1996"	4.81667536325882	29.5890701885674
"2.5"	-61.2438780487805	47.8291019512195	540572.515011676	453178.259948557	"1996"	0.945904847725926	1.31304618457606
"2.6"	-61.249757	48.164506	536377.311145493	490105.572835156	"1996"	0.37228973508381	0.227858000934904
"3.1"	-61.7637307692308	45.8336828205128	522781.229103154	228891.006830664	"1996"	7.46887022348443	69.7711105674312
"3.2"	-61.75005525	46.1677375	520342.221395964	265956.570860579	"1996"	5.44517059621941	36.9465947883407
"3.3"	-61.7483046153846	46.4992884615385	517007.009451745	302635.547333685	"1996"	19.6928776592463	480.713015943392
"3.4"	-61.74711625	46.832917	513607.623211568	339518.89023448	"1996"	15.8444748271867	313.265571877949
"3.5"	-61.75069	47.1599873170732	509918.766809975	375623.75670084	"1996"	17.7591363368238	390.557417671281
"3.6"	-61.8283812195122	47.5850885365854	499677.478040302	422010.615230489	"1996"	3.62593705918618	16.7447574781309
"3.7"	-61.7473371052632	47.8309984210526	503161.171188203	449715.830809922	"1996"	1.47428465239864	2.9499535018168
"3.8"	-61.746232051282	48.1685343589744	499718.885476494	486955.508090221	"1996"	0.343616239818189	0.19336760161624
"3.9"	-61.7488010810811	48.3275886486486	497869.760815293	504476.493661616	"1996"	0.0972864255793112	0.0157692684631182
"4.1"	-62.24718475	45.83468	485351.413587291	225595.978590349	"1996"	1.42408334026249	2.53653316539644
"4.2"	-62.2434276923077	46.1633033333333	482452.767287601	262008.976970938	"1996"	5.90543225655943	43.4641058158006
"4.3"	-62.250151025641	46.5709517948718	477985.988029402	307071.704417749	"1996"	34.3354655913952	1460.99266857584
"4.4"	-62.2505841463415	46.8321714634146	475423.655106098	335957.255319153	"1996"	19.4864560437937	470.070406708804
"4.5"	-62.2521246341463	47.1651790243902	472084.728170839	372756.753925677	"1996"	35.7656727806126	1586.18687236172
"4.6"	-62.24517	47.5011043902439	469356.688484007	409915.382459566	"1996"	28.3594380459986	1018.54386322101
"4.7"	-62.2483505128205	47.8323856410256	465914.59086071	446476.524059965	"1996"	3.87559459638321	19.8985757786741
"4.8"	-62.2504902564103	48.1688097435897	462504.340291844	483595.651234126	"1996"	0.804743629666019	1.01835192459362
"4.9"	-62.2470755263158	48.3859226315789	460657.842687668	507573.096047843	"1996"	0.0991267628001656	0.0165602044148134
"5.1"	-62.7493007692308	46.5058253846154	440477.550379991	296661.878309954	"1996"	7.87611366041955	79.3492151264279
"5.2"	-62.7510334146341	46.8296082926829	437460.379930388	332481.664246332	"1996"	40.2754892374955	2029.47599587379
"5.3"	-62.7504125	47.16851725	434489.329611461	369969.419551971	"1996"	105.760823198229	13939.9903523592
"5.4"	-62.7492063414634	47.4997248780488	431631.582391272	406589.877635884	"1996"	64.8528392140875	5257.75890651896
"5.5"	-62.74741075	47.83225475	428806.100789692	443342.162514868	"1996"	25.122754387327	816.294297298013
"5.6"	-62.7519592682927	48.1672929268293	425489.201159275	480316.822176966	"1996"	2.38443234256992	8.44941184690121
"5.7"	-62.747265	48.4304765789474	423495.157736089	509399.680779149	"1996"	0.355988362331924	0.209506718675385
"6.1"	-63.2491402564103	46.5102930769231	402227.751240551	294213.437413658	"1996"	8.04700085461118	80.495782983908
"6.2"	-63.2513482926829	46.8322463414634	399439.65018915	329847.976858142	"1996"	27.738441442814	957.01068385496
"6.3"	-63.2510085365854	47.1676492682927	396738.067509929	366965.993357103	"1996"	95.8257328032741	11415.0009369946
"6.4"	-63.2500287804878	47.498067804878	394126.01073903	403517.092168064	"1996"	62.8760683687606	4973.31908388294
"6.5"	-63.248466	47.834712	391507.052326201	440741.797609754	"1996"	23.4483071730371	697.655429751451
"6.6"	-63.2519595121951	48.1677836585366	388543.07675857	477527.130966415	"1996"	7.04704433451444	64.5270605866057
"6.7"	-63.2472797435897	48.4961161538462	386222.153699888	513817.841434508	"1996"	1.27999651738206	2.53437944904097
"6.8"	-63.2502525	48.70224625	384331.222462968	536562.272363894	"1996"	0.477523549486574	0.374902742533069
"7.1"	-63.7464597560976	46.8334304878049	361809.647637546	327345.59855544	"1996"	20.794235471061	552.759855090013
"7.2"	-63.7521	47.16577375	358936.059132761	364112.673385711	"1996"	38.2376833991014	1862.32799983813
"7.3"	-63.749593902439	47.5006512195122	356661.650815312	401182.17278995	"1996"	47.4265009630711	2793.16513052427
"7.4"	-63.750308	47.833669	354159.767423131	438011.844371817	"1996"	41.9684321702798	2200.28801486366
"7.5"	-63.7489702439024	48.1676275609756	351804.534465203	474938.878470963	"1996"	31.9768137195427	1309.46532256003
"7.6"	-63.7488834146341	48.498637804878	349378.777948225	511518.254921844	"1996"	4.73980284069573	31.819588143816
"7.7"	-63.7510243589744	48.8298515384615	346789.94894362	548094.97044429	"1996"	0.457599576014943	0.32555425505561
"8.1"	-64.3730758974359	46.8332743589744	314173.468348785	324368.658229168	"1996"	0.89674697418934	1.00732084503073
"8.2"	-64.25039625	47.1666125	321306.779365656	361837.14568484	"1996"	11.661209026854	169.113589819687
"8.3"	-64.250246097561	47.500507804878	319120.314489205	398802.322525997	"1996"	68.4765698013838	5821.6164981182
"8.4"	-64.2504348717949	47.8342966666667	316910.218128317	435736.23285387	"1996"	74.3261037256825	7048.93411570049
"8.5"	-64.2552680487805	48.16834	314356.094123475	472661.040811167	"1996"	59.8276401537065	4581.55381839965
"8.6"	-64.08243375	48.4981325	324886.569876582	509890.997265977	"1996"	9.96867261021216	130.985883859222
"8.7"	-64.0885979487179	48.7484051282051	322726.770506379	537518.766384427	"1996"	2.60539994847696	9.32841121225518
"9.1"	-64.6664007317073	46.8345875609756	291857.687428302	323272.120984389	"1996"	1.46421060961188	2.68604391014123
"9.2"	-64.74548	47.1700507317073	283890.788511935	360124.435980723	"1996"	3.92449415521074	19.7250374462964
"9.3"	-64.6624956097561	47.501352195122	288190.146874108	397146.465984739	"1996"	37.7481649088352	1823.55030884894
"9.4"	-64.75479125	47.93580625	278746.181661153	444868.431379192	"1996"	19.2758339387384	465.20875052034
"9.5"	-64.7479702564103	48.1625905128205	277936.605103154	469986.114073412	"1996"	48.5837562550388	2940.77180321139
"1.1"	-60.9173561290323	46.8318080645161	576506.761688737	345716.596799721	"1998"	13.5591591966303	228.208586600866
"1.2"	-60.7518202564103	47.1677838461538	585015.132779311	384126.153365578	"1998"	18.273056543074	415.17525552646
"1.3"	-60.7518171794872	47.4991305128205	581044.327850851	420658.123280453	"1998"	2.67228803720166	9.41285209134181
"1.4"	-60.7516643243243	47.8320867567568	577067.272234514	457350.99505047	"1998"	0.315152271360973	0.147316140481882
"1.5"	-60.7526330555556	48.1658583333333	572999.485433382	494107.962817711	"1998"	0.0448208832361667	0.00313105390243523
"10.1"	-65.248061	47.9340275	242069.540821145	442876.545197071	"1998"	6.29060490317086	50.8085054054254
"11.1"	-65.7493197435897	47.9999905128205	204495.759083768	448615.006944755	"1998"	37.7557148347748	1830.73294288461
"12.1"	-66.12838	48.0495311111111	176144.283722934	453092.182698747	"1998"	9.84526580497453	122.397440139036
"2.1"	-61.2526164102564	46.5002064102564	554828.325564076	306449.255368057	"1998"	8.36032166525152	86.6879295172542
"2.2"	-61.2438139473684	46.832285	551767.937178606	343195.641458842	"1998"	12.7507936721118	201.265332158247
"2.3"	-61.252303	47.16639625	547376.253565787	380013.146143648	"1998"	23.7630535962989	705.004144865345
"2.4"	-61.2342417073171	47.4981892682927	545005.94223114	416758.667907858	"1998"	2.42460229136518	7.38733840583998
"2.5"	-61.2438780487805	47.8291019512195	540572.515011676	453178.259948557	"1998"	0.352611058532526	0.164626545412736
"2.6"	-61.249757	48.164506	536377.311145493	490105.572835156	"1998"	0.111418241704522	0.0183888336951772
"3.1"	-61.7637307692308	45.8336828205128	522781.229103154	228891.006830664	"1998"	12.6171914222543	199.159106069341
"3.2"	-61.75005525	46.1677375	520342.221395964	265956.570860579	"1998"	9.75669579311134	118.644916267511
"3.3"	-61.7483046153846	46.4992884615385	517007.009451745	302635.547333685	"1998"	14.0811470580498	245.804555573597
"3.4"	-61.74711625	46.832917	513607.623211568	339518.89023448	"1998"	20.1191950897915	505.001557268424
"3.5"	-61.75069	47.1599873170732	509918.766809975	375623.75670084	"1998"	28.0411172409348	973.388663268575
"3.6"	-61.8283812195122	47.5850885365854	499677.478040302	422010.615230489	"1998"	4.55852252762777	26.2251510637278
"3.7"	-61.7473371052632	47.8309984210526	503161.171188203	449715.830809922	"1998"	1.70540344709137	3.79387259883527
"3.8"	-61.746232051282	48.1685343589744	499718.885476494	486955.508090221	"1998"	0.292751148061377	0.132213042120751
"3.9"	-61.7488010810811	48.3275886486486	497869.760815293	504476.493661616	"1998"	0.0796730503463841	0.010139169620756
"4.1"	-62.24718475	45.83468	485351.413587291	225595.978590349	"1998"	3.02288439401635	11.4320192107357
"4.2"	-62.2434276923077	46.1633033333333	482452.767287601	262008.976970938	"1998"	12.2767615521853	187.886409393323
"4.3"	-62.250151025641	46.5709517948718	477985.988029402	307071.704417749	"1998"	25.7269692606752	820.345428251343
"4.4"	-62.2505841463415	46.8321714634146	475423.655106098	335957.255319153	"1998"	19.9516636890665	492.823709265063
"4.5"	-62.2521246341463	47.1651790243902	472084.728170839	372756.753925677	"1998"	65.1450456111909	5261.72266892081
"4.6"	-62.24517	47.5011043902439	469356.688484007	409915.382459566	"1998"	65.7758077276523	5455.77901305779
"4.7"	-62.2483505128205	47.8323856410256	465914.59086071	446476.524059965	"1998"	9.13161687518223	107.687621829625
"4.8"	-62.2504902564103	48.1688097435897	462504.340291844	483595.651234126	"1998"	1.45848955299988	3.11871771684579
"4.9"	-62.2470755263158	48.3859226315789	460657.842687668	507573.096047843	"1998"	0.155570300751737	0.0396522454036413
"5.1"	-62.7493007692308	46.5058253846154	440477.550379991	296661.878309954	"1998"	5.70194305866535	41.5904670656993
"5.2"	-62.7510334146341	46.8296082926829	437460.379930388	332481.664246332	"1998"	21.8883639775854	599.40240166074
"5.3"	-62.7504125	47.16851725	434489.329611461	369969.419551971	"1998"	80.155261904248	8003.52980858263
"5.4"	-62.7492063414634	47.4997248780488	431631.582391272	406589.877635884	"1998"	74.9992598009995	7012.94794406638
"5.5"	-62.74741075	47.83225475	428806.100789692	443342.162514868	"1998"	52.5219519239159	3488.82164218097
"5.6"	-62.7519592682927	48.1672929268293	425489.201159275	480316.822176966	"1998"	4.63397376090564	28.5848669091935
"5.7"	-62.747265	48.4304765789474	423495.157736089	509399.680779149	"1998"	0.829163890072937	1.05222136130883
"6.1"	-63.2491402564103	46.5102930769231	402227.751240551	294213.437413658	"1998"	5.19329043458526	33.5302717331872
"6.2"	-63.2513482926829	46.8322463414634	399439.65018915	329847.976858142	"1998"	11.8672696077458	175.156283385343
"6.3"	-63.2510085365854	47.1676492682927	396738.067509929	366965.993357103	"1998"	40.2349750927281	2011.37447711175
"6.4"	-63.2500287804878	47.498067804878	394126.01073903	403517.092168064	"1998"	54.1101138882164	3666.95138077283
"6.5"	-63.248466	47.834712	391507.052326201	440741.797609754	"1998"	39.8105004981384	1983.89185328244
"6.6"	-63.2519595121951	48.1677836585366	388543.07675857	477527.130966415	"1998"	12.0069881972215	180.513774572987
"6.7"	-63.2472797435897	48.4961161538462	386222.153699888	513817.841434508	"1998"	2.55286590321677	8.87604640141947
"6.8"	-63.2502525	48.70224625	384331.222462968	536562.272363894	"1998"	0.889341347854638	1.21524450462242
"7.1"	-63.7464597560976	46.8334304878049	361809.647637546	327345.59855544	"1998"	16.1235824812789	332.245719327088
"7.2"	-63.7521	47.16577375	358936.059132761	364112.673385711	"1998"	35.2379456302779	1580.44592427076
"7.3"	-63.749593902439	47.5006512195122	356661.650815312	401182.17278995	"1998"	36.6957685597428	1670.09882829007
"7.4"	-63.750308	47.833669	354159.767423131	438011.844371817	"1998"	42.9560281413858	2294.43540281046
"7.5"	-63.7489702439024	48.1676275609756	351804.534465203	474938.878470963	"1998"	14.5917105799057	267.205047274022
"7.6"	-63.7488834146341	48.498637804878	349378.777948225	511518.254921844	"1998"	2.56998353561421	8.74363543993682
"7.7"	-63.7510243589744	48.8298515384615	346789.94894362	548094.97044429	"1998"	0.472818910822562	0.343883746226555
"8.1"	-64.3730758974359	46.8332743589744	314173.468348785	324368.658229168	"1998"	1.42528981521264	2.54434948418124
"8.2"	-64.25039625	47.1666125	321306.779365656	361837.14568484	"1998"	16.5263845797252	339.550601315511
"8.3"	-64.250246097561	47.500507804878	319120.314489205	398802.322525997	"1998"	36.0263532077905	1610.3586319722
"8.4"	-64.2504348717949	47.8342966666667	316910.218128317	435736.23285387	"1998"	37.3615182503768	1778.42682470887
"8.5"	-64.2552680487805	48.16834	314356.094123475	472661.040811167	"1998"	17.3817973361636	386.144547816932
"8.6"	-64.08243375	48.4981325	324886.569876582	509890.997265977	"1998"	3.36365993553104	14.7675522442463
"8.7"	-64.0885979487179	48.7484051282051	322726.770506379	537518.766384427	"1998"	1.82623380491692	4.73588491898701
"9.1"	-64.6664007317073	46.8345875609756	291857.687428302	323272.120984389	"1998"	2.57491871472529	8.30651335458535
"9.2"	-64.74548	47.1700507317073	283890.788511935	360124.435980723	"1998"	5.66825402742144	41.1434941194994
"9.3"	-64.6624956097561	47.501352195122	288190.146874108	397146.465984739	"1998"	33.0764890888334	1399.71412614099
"9.4"	-64.75479125	47.93580625	278746.181661153	444868.431379192	"1998"	6.18449100535421	47.9177109112078
"9.5"	-64.7479702564103	48.1625905128205	277936.605103154	469986.114073412	"1998"	12.7150517571793	201.769046404176
"1.1"	-60.9173561290323	46.8318080645161	576506.761688737	345716.596799721	"1999"	49.5889430495109	3138.11785083704
"1.2"	-60.7518202564103	47.1677838461538	585015.132779311	384126.153365578	"1999"	36.991368171813	1769.51388084436
"1.3"	-60.7518171794872	47.4991305128205	581044.327850851	420658.123280453	"1999"	5.9819837831318	52.8599155907621
"1.4"	-60.7516643243243	47.8320867567568	577067.272234514	457350.99505047	"1999"	1.47621548176776	3.27207622816284
"1.5"	-60.7526330555556	48.1658583333333	572999.485433382	494107.962817711	"1999"	0.390501808715801	0.231275672544703
"10.1"	-65.248061	47.9340275	242069.540821145	442876.545197071	"1999"	24.054773719106	745.264000552252
"11.1"	-65.7493197435897	47.9999905128205	204495.759083768	448615.006944755	"1999"	114.426373470881	16862.4745305229
"12.1"	-66.12838	48.0495311111111	176144.283722934	453092.182698747	"1999"	28.1952165297176	1012.9878797621
"2.1"	-61.2526164102564	46.5002064102564	554828.325564076	306449.255368057	"1999"	59.6464823762995	4480.33889589595
"2.2"	-61.2438139473684	46.832285	551767.937178606	343195.641458842	"1999"	21.5936919368396	588.10438570614
"2.3"	-61.252303	47.16639625	547376.253565787	380013.146143648	"1999"	8.72583814033658	105.481307317545
"2.4"	-61.2342417073171	47.4981892682927	545005.94223114	416758.667907858	"1999"	2.18808741166134	6.53898831627451
"2.5"	-61.2438780487805	47.8291019512195	540572.515011676	453178.259948557	"1999"	1.42448256723122	2.92150581312035
"2.6"	-61.249757	48.164506	536377.311145493	490105.572835156	"1999"	0.801790039435483	0.936477104836515
"3.1"	-61.7637307692308	45.8336828205128	522781.229103154	228891.006830664	"1999"	175.691692024834	39363.0199882029
"3.2"	-61.75005525	46.1677375	520342.221395964	265956.570860579	"1999"	53.997551733121	3712.05109583096
"3.3"	-61.7483046153846	46.4992884615385	517007.009451745	302635.547333685	"1999"	42.3517094136677	2254.71860672015
"3.4"	-61.74711625	46.832917	513607.623211568	339518.89023448	"1999"	9.1636354906681	111.357950393692
"3.5"	-61.75069	47.1599873170732	509918.766809975	375623.75670084	"1999"	5.59782979782137	40.0442670753438
"3.6"	-61.8283812195122	47.5850885365854	499677.478040302	422010.615230489	"1999"	2.42343986027515	7.96425908975122
"3.7"	-61.7473371052632	47.8309984210526	503161.171188203	449715.830809922	"1999"	2.39304080710581	8.08575554460022
"3.8"	-61.746232051282	48.1685343589744	499718.885476494	486955.508090221	"1999"	0.749258958649719	0.846829360752971
"3.9"	-61.7488010810811	48.3275886486486	497869.760815293	504476.493661616	"1999"	0.180817992810291	0.0487863846712307
"4.1"	-62.24718475	45.83468	485351.413587291	225595.978590349	"1999"	47.3844047012721	2858.60061033786
"4.2"	-62.2434276923077	46.1633033333333	482452.767287601	262008.976970938	"1999"	78.5121583108776	7832.22016061118
"4.3"	-62.250151025641	46.5709517948718	477985.988029402	307071.704417749	"1999"	65.1683511989781	5334.9473194536
"4.4"	-62.2505841463415	46.8321714634146	475423.655106098	335957.255319153	"1999"	9.51078204487513	113.888801695466
"4.5"	-62.2521246341463	47.1651790243902	472084.728170839	372756.753925677	"1999"	10.0878933228392	131.768903807345
"4.6"	-62.24517	47.5011043902439	469356.688484007	409915.382459566	"1999"	25.7991336689075	892.545063731932
"4.7"	-62.2483505128205	47.8323856410256	465914.59086071	446476.524059965	"1999"	4.45345256807314	26.5791689098621
"4.8"	-62.2504902564103	48.1688097435897	462504.340291844	483595.651234126	"1999"	1.03300541467234	1.55169061856054
"4.9"	-62.2470755263158	48.3859226315789	460657.842687668	507573.096047843	"1999"	0.120164485333036	0.0230219059863394
"5.1"	-62.7493007692308	46.5058253846154	440477.550379991	296661.878309954	"1999"	30.2652097595347	1181.89801755722
"5.2"	-62.7510334146341	46.8296082926829	437460.379930388	332481.664246332	"1999"	20.6163785912264	550.831178779549
"5.3"	-62.7504125	47.16851725	434489.329611461	369969.419551971	"1999"	22.4255081499118	645.665018920718
"5.4"	-62.7492063414634	47.4997248780488	431631.582391272	406589.877635884	"1999"	22.6283531698153	649.67453762119
"5.5"	-62.74741075	47.83225475	428806.100789692	443342.162514868	"1999"	13.3037710917239	227.245049443929
"5.6"	-62.7519592682927	48.1672929268293	425489.201159275	480316.822176966	"1999"	1.36213852912816	2.4862604991518
"5.7"	-62.747265	48.4304765789474	423495.157736089	509399.680779149	"1999"	0.24734267675238	0.092680232574679
"6.1"	-63.2491402564103	46.5102930769231	402227.751240551	294213.437413658	"1999"	33.3025996795777	1389.75218733425
"6.2"	-63.2513482926829	46.8322463414634	399439.65018915	329847.976858142	"1999"	18.1965284931638	415.622821733771
"6.3"	-63.2510085365854	47.1676492682927	396738.067509929	366965.993357103	"1999"	21.5423595054958	581.463893584535
"6.4"	-63.2500287804878	47.498067804878	394126.01073903	403517.092168064	"1999"	23.7297865762504	714.537319524292
"6.5"	-63.248466	47.834712	391507.052326201	440741.797609754	"1999"	17.6408236008857	393.024579098779
"6.6"	-63.2519595121951	48.1677836585366	388543.07675857	477527.130966415	"1999"	5.78597712258211	42.2605427250039
"6.7"	-63.2472797435897	48.4961161538462	386222.153699888	513817.841434508	"1999"	0.864319339893016	1.04410561027894
"6.8"	-63.2502525	48.70224625	384331.222462968	536562.272363894	"1999"	0.347862210186847	0.188370409492723
"7.1"	-63.7464597560976	46.8334304878049	361809.647637546	327345.59855544	"1999"	21.7381920789138	606.618101558582
"7.2"	-63.7521	47.16577375	358936.059132761	364112.673385711	"1999"	22.4951064944528	646.6874036347
"7.3"	-63.749593902439	47.5006512195122	356661.650815312	401182.17278995	"1999"	27.1423967086268	916.683239484713
"7.4"	-63.750308	47.833669	354159.767423131	438011.844371817	"1999"	45.8359767893718	2626.10980353137
"7.5"	-63.7489702439024	48.1676275609756	351804.534465203	474938.878470963	"1999"	48.0216708699875	2937.99454149575
"7.6"	-63.7488834146341	48.498637804878	349378.777948225	511518.254921844	"1999"	4.40037787305119	27.2105797904467
"7.7"	-63.7510243589744	48.8298515384615	346789.94894362	548094.97044429	"1999"	0.533925207838245	0.449545236158967
"8.1"	-64.3730758974359	46.8332743589744	314173.468348785	324368.658229168	"1999"	2.60563037684656	8.54834995095537
"8.2"	-64.25039625	47.1666125	321306.779365656	361837.14568484	"1999"	12.6523379419861	199.63331339158
"8.3"	-64.250246097561	47.500507804878	319120.314489205	398802.322525997	"1999"	22.2586775582853	616.504780521815
"8.4"	-64.2504348717949	47.8342966666667	316910.218128317	435736.23285387	"1999"	49.1844313869816	3093.12823316646
"8.5"	-64.2552680487805	48.16834	314356.094123475	472661.040811167	"1999"	47.5729135711803	2905.08635211483
"8.6"	-64.08243375	48.4981325	324886.569876582	509890.997265977	"1999"	8.57856694424816	100.165723016807
"8.7"	-64.0885979487179	48.7484051282051	322726.770506379	537518.766384427	"1999"	3.46604981665272	17.7743164071942
"9.1"	-64.6664007317073	46.8345875609756	291857.687428302	323272.120984389	"1999"	8.03051555596307	81.1511745587583
"9.2"	-64.74548	47.1700507317073	283890.788511935	360124.435980723	"1999"	9.66350988375715	119.899049843235
"9.3"	-64.6624956097561	47.501352195122	288190.146874108	397146.465984739	"1999"	31.781144932901	1296.11299913267
"9.4"	-64.75479125	47.93580625	278746.181661153	444868.431379192	"1999"	19.9337116774543	503.002664649235
"9.5"	-64.7479702564103	48.1625905128205	277936.605103154	469986.114073412	"1999"	48.501027663337	2959.91524853278
"1.1"	-60.9173561290323	46.8318080645161	576506.761688737	345716.596799721	"2000"	1.66881795926746	3.61045464742322
"1.2"	-60.7518202564103	47.1677838461538	585015.132779311	384126.153365578	"2000"	0.993002087668519	1.33123452259122
"1.3"	-60.7518171794872	47.4991305128205	581044.327850851	420658.123280453	"2000"	0.231793202540227	0.0877191315031158
"1.4"	-60.7516643243243	47.8320867567568	577067.272234514	457350.99505047	"2000"	0.103137378119696	0.017890566018752
"1.5"	-60.7526330555556	48.1658583333333	572999.485433382	494107.962817711	"2000"	0.0402693685419061	0.00273068876010424
"10.1"	-65.248061	47.9340275	242069.540821145	442876.545197071	"2000"	11.3894816771464	166.791614895088
"11.1"	-65.7493197435897	47.9999905128205	204495.759083768	448615.006944755	"2000"	25.5170542509943	836.760404101224
"12.1"	-66.12838	48.0495311111111	176144.283722934	453092.182698747	"2000"	3.62445170486307	16.593791403444
"2.1"	-61.2526164102564	46.5002064102564	554828.325564076	306449.255368057	"2000"	4.12051657995173	21.5416315780908
"2.2"	-61.2438139473684	46.832285	551767.937178606	343195.641458842	"2000"	1.48793664732585	2.82485633978581
"2.3"	-61.252303	47.16639625	547376.253565787	380013.146143648	"2000"	0.560237567395903	0.458670986188388
"2.4"	-61.2342417073171	47.4981892682927	545005.94223114	416758.667907858	"2000"	0.181006884568635	0.0505627129063021
"2.5"	-61.2438780487805	47.8291019512195	540572.515011676	453178.259948557	"2000"	0.138815143512131	0.0317409477604281
"2.6"	-61.249757	48.164506	536377.311145493	490105.572835156	"2000"	0.153458863265717	0.0396177998005865
"3.1"	-61.7637307692308	45.8336828205128	522781.229103154	228891.006830664	"2000"	17.4867829516187	387.211692125091
"3.2"	-61.75005525	46.1677375	520342.221395964	265956.570860579	"2000"	10.5903853462417	143.226361724384
"3.3"	-61.7483046153846	46.4992884615385	517007.009451745	302635.547333685	"2000"	9.63588221543225	118.447290785918
"3.4"	-61.74711625	46.832917	513607.623211568	339518.89023448	"2000"	2.07121889674	5.99125743583873
"3.5"	-61.75069	47.1599873170732	509918.766809975	375623.75670084	"2000"	0.663559308443522	0.573828406526589
"3.6"	-61.8283812195122	47.5850885365854	499677.478040302	422010.615230489	"2000"	0.271582959849839	0.108442134986267
"3.7"	-61.7473371052632	47.8309984210526	503161.171188203	449715.830809922	"2000"	0.395936596056617	0.25083665489563
"3.8"	-61.746232051282	48.1685343589744	499718.885476494	486955.508090221	"2000"	0.205421950608266	0.0711030307318608
"3.9"	-61.7488010810811	48.3275886486486	497869.760815293	504476.493661616	"2000"	0.0662098740824391	0.00739331844029105
"4.1"	-62.24718475	45.83468	485351.413587291	225595.978590349	"2000"	4.27886128621434	23.1523262562333
"4.2"	-62.2434276923077	46.1633033333333	482452.767287601	262008.976970938	"2000"	12.4821183447012	198.594435062328
"4.3"	-62.250151025641	46.5709517948718	477985.988029402	307071.704417749	"2000"	22.9410575914912	674.724769045456
"4.4"	-62.2505841463415	46.8321714634146	475423.655106098	335957.255319153	"2000"	4.10811179958483	21.8547245623776
"4.5"	-62.2521246341463	47.1651790243902	472084.728170839	372756.753925677	"2000"	2.28742698413629	6.83452869204846
"4.6"	-62.24517	47.5011043902439	469356.688484007	409915.382459566	"2000"	3.26620395950891	15.3674168907394
"4.7"	-62.2483505128205	47.8323856410256	465914.59086071	446476.524059965	"2000"	1.9743125110927	6.13525767459865
"4.8"	-62.2504902564103	48.1688097435897	462504.340291844	483595.651234126	"2000"	0.692110351419618	0.794043679779112
"4.9"	-62.2470755263158	48.3859226315789	460657.842687668	507573.096047843	"2000"	0.083799874395943	0.0119015595875244
"5.1"	-62.7493007692308	46.5058253846154	440477.550379991	296661.878309954	"2000"	12.8934860854248	215.29147019409
"5.2"	-62.7510334146341	46.8296082926829	437460.379930388	332481.664246332	"2000"	18.5713018081767	460.37409636436
"5.3"	-62.7504125	47.16851725	434489.329611461	369969.419551971	"2000"	35.9662417692219	1696.82565062625
"5.4"	-62.7492063414634	47.4997248780488	431631.582391272	406589.877635884	"2000"	23.161493906119	735.622388569403
"5.5"	-62.74741075	47.83225475	428806.100789692	443342.162514868	"2000"	20.0788193313273	610.73119178782
"5.6"	-62.7519592682927	48.1672929268293	425489.201159275	480316.822176966	"2000"	2.55551061461175	10.4533405838163
"5.7"	-62.747265	48.4304765789474	423495.157736089	509399.680779149	"2000"	0.287315593955917	0.137055100110803
"6.1"	-63.2491402564103	46.5102930769231	402227.751240551	294213.437413658	"2000"	26.2417518576759	864.663712349209
"6.2"	-63.2513482926829	46.8322463414634	399439.65018915	329847.976858142	"2000"	28.6413180299382	1034.54226251382
"6.3"	-63.2510085365854	47.1676492682927	396738.067509929	366965.993357103	"2000"	39.9500999772359	2014.73791113595
"6.4"	-63.2500287804878	47.498067804878	394126.01073903	403517.092168064	"2000"	50.9952545534176	3439.84857834309
"6.5"	-63.248466	47.834712	391507.052326201	440741.797609754	"2000"	54.6792511517629	4052.59279332085
"6.6"	-63.2519595121951	48.1677836585366	388543.07675857	477527.130966415	"2000"	10.3643783580836	147.811207400664
"6.7"	-63.2472797435897	48.4961161538462	386222.153699888	513817.841434508	"2000"	0.708763715561228	0.770102022579517
"6.8"	-63.2502525	48.70224625	384331.222462968	536562.272363894	"2000"	0.232393932637561	0.0877137312140503
"7.1"	-63.7464597560976	46.8334304878049	361809.647637546	327345.59855544	"2000"	75.4852024515575	7323.40039373174
"7.2"	-63.7521	47.16577375	358936.059132761	364112.673385711	"2000"	57.0108617893402	4161.90395717169
"7.3"	-63.749593902439	47.5006512195122	356661.650815312	401182.17278995	"2000"	83.7246822009782	8762.01389789288
"7.4"	-63.750308	47.833669	354159.767423131	438011.844371817	"2000"	221.025468285059	61798.5769591989
"7.5"	-63.7489702439024	48.1676275609756	351804.534465203	474938.878470963	"2000"	26.3390251994624	910.077695807825
"7.6"	-63.7488834146341	48.498637804878	349378.777948225	511518.254921844	"2000"	2.06963446925028	6.24693272579048
"7.7"	-63.7510243589744	48.8298515384615	346789.94894362	548094.97044429	"2000"	0.247582116454155	0.097798945122073
"8.1"	-64.3730758974359	46.8332743589744	314173.468348785	324368.658229168	"2000"	7.83457897383627	77.2638656101282
"8.2"	-64.25039625	47.1666125	321306.779365656	361837.14568484	"2000"	32.4676930077429	1314.89734256737
"8.3"	-64.250246097561	47.500507804878	319120.314489205	398802.322525997	"2000"	62.1290459008682	4805.73440047623
"8.4"	-64.2504348717949	47.8342966666667	316910.218128317	435736.23285387	"2000"	111.328196809725	15869.0200659891
"8.5"	-64.2552680487805	48.16834	314356.094123475	472661.040811167	"2000"	38.7087156544623	1925.03724023982
"8.6"	-64.08243375	48.4981325	324886.569876582	509890.997265977	"2000"	3.75988326661863	19.4111149043205
"8.7"	-64.0885979487179	48.7484051282051	322726.770506379	537518.766384427	"2000"	1.42905555125605	3.02377235094964
"9.1"	-64.6664007317073	46.8345875609756	291857.687428302	323272.120984389	"2000"	21.2711605608903	568.831611112987
"9.2"	-64.74548	47.1700507317073	283890.788511935	360124.435980723	"2000"	18.4902663841273	438.86976133861
"9.3"	-64.6624956097561	47.501352195122	288190.146874108	397146.465984739	"2000"	60.7564290096249	4736.19838730157
"9.4"	-64.75479125	47.93580625	278746.181661153	444868.431379192	"2000"	15.8023513584566	314.545059847726
"9.5"	-64.7479702564103	48.1625905128205	277936.605103154	469986.114073412	"2000"	25.5317133999733	816.699597810766
"1.1"	-60.9173561290323	46.8318080645161	576506.761688737	345716.596799721	"2001"	1.53569155736565	3.10989478827661
"1.2"	-60.7518202564103	47.1677838461538	585015.132779311	384126.153365578	"2001"	2.07416812436561	5.86193424374623
"1.3"	-60.7518171794872	47.4991305128205	581044.327850851	420658.123280453	"2001"	0.540211439967287	0.478586999429775
"1.4"	-60.7516643243243	47.8320867567568	577067.272234514	457350.99505047	"2001"	0.235863895334997	0.0936969836164319
"1.5"	-60.7526330555556	48.1658583333333	572999.485433382	494107.962817711	"2001"	0.0830549142068725	0.0116177736943486
"10.1"	-65.248061	47.9340275	242069.540821145	442876.545197071	"2001"	4.53462458715481	26.5302523051389
"11.1"	-65.7493197435897	47.9999905128205	204495.759083768	448615.006944755	"2001"	21.9383590363028	620.644619806657
"12.1"	-66.12838	48.0495311111111	176144.283722934	453092.182698747	"2001"	6.42060565349083	52.6491317538521
"2.1"	-61.2526164102564	46.5002064102564	554828.325564076	306449.255368057	"2001"	1.19037026242835	1.85567130836407
"2.2"	-61.2438139473684	46.832285	551767.937178606	343195.641458842	"2001"	0.857672321293325	0.950708848583325
"2.3"	-61.252303	47.16639625	547376.253565787	380013.146143648	"2001"	0.676976148844713	0.687921948865644
"2.4"	-61.2342417073171	47.4981892682927	545005.94223114	416758.667907858	"2001"	0.352231024631315	0.197900672041226
"2.5"	-61.2438780487805	47.8291019512195	540572.515011676	453178.259948557	"2001"	0.296785659957877	0.14680110757984
"2.6"	-61.249757	48.164506	536377.311145493	490105.572835156	"2001"	0.292274541664528	0.143949160618371
"3.1"	-61.7637307692308	45.8336828205128	522781.229103154	228891.006830664	"2001"	7.82948257253542	87.4770000503987
"3.2"	-61.75005525	46.1677375	520342.221395964	265956.570860579	"2001"	2.96086484385123	12.775062464401
"3.3"	-61.7483046153846	46.4992884615385	517007.009451745	302635.547333685	"2001"	2.6038726771401	9.03557424031578
"3.4"	-61.74711625	46.832917	513607.623211568	339518.89023448	"2001"	0.818373108824381	0.949082914697805
"3.5"	-61.75069	47.1599873170732	509918.766809975	375623.75670084	"2001"	0.534848165438053	0.389845409566634
"3.6"	-61.8283812195122	47.5850885365854	499677.478040302	422010.615230489	"2001"	0.484480435692666	0.380079067433168
"3.7"	-61.7473371052632	47.8309984210526	503161.171188203	449715.830809922	"2001"	0.666278984168269	0.732970765640119
"3.8"	-61.746232051282	48.1685343589744	499718.885476494	486955.508090221	"2001"	0.305635051049919	0.157633162104139
"3.9"	-61.7488010810811	48.3275886486486	497869.760815293	504476.493661616	"2001"	0.0993989156757976	0.0166512343428303
"4.1"	-62.24718475	45.83468	485351.413587291	225595.978590349	"2001"	5.80343859098287	49.9010275849975
"4.2"	-62.2434276923077	46.1633033333333	482452.767287601	262008.976970938	"2001"	13.2869506886417	262.383891022169
"4.3"	-62.250151025641	46.5709517948718	477985.988029402	307071.704417749	"2001"	24.8397461708541	824.443066772991
"4.4"	-62.2505841463415	46.8321714634146	475423.655106098	335957.255319153	"2001"	2.84647245482424	10.6714705836942
"4.5"	-62.2521246341463	47.1651790243902	472084.728170839	372756.753925677	"2001"	1.30814650749473	2.43767280616674
"4.6"	-62.24517	47.5011043902439	469356.688484007	409915.382459566	"2001"	2.29097643234662	8.41275851393114
"4.7"	-62.2483505128205	47.8323856410256	465914.59086071	446476.524059965	"2001"	1.36634248773851	3.01730213215966
"4.8"	-62.2504902564103	48.1688097435897	462504.340291844	483595.651234126	"2001"	0.584644737968838	0.561985582049265
"4.9"	-62.2470755263158	48.3859226315789	460657.842687668	507573.096047843	"2001"	0.0943337181538723	0.0150165846303821
"5.1"	-62.7493007692308	46.5058253846154	440477.550379991	296661.878309954	"2001"	17.5826225437037	403.32645390313
"5.2"	-62.7510334146341	46.8296082926829	437460.379930388	332481.664246332	"2001"	20.0299581373114	565.665007710085
"5.3"	-62.7504125	47.16851725	434489.329611461	369969.419551971	"2001"	5.61538856241849	44.6839370397305
"5.4"	-62.7492063414634	47.4997248780488	431631.582391272	406589.877635884	"2001"	2.47540473280303	8.62689952766089
"5.5"	-62.74741075	47.83225475	428806.100789692	443342.162514868	"2001"	3.86804730871978	22.439060283945
"5.6"	-62.7519592682927	48.1672929268293	425489.201159275	480316.822176966	"2001"	1.13283996019668	1.93484053242814
"5.7"	-62.747265	48.4304765789474	423495.157736089	509399.680779149	"2001"	0.337419955953878	0.185879121680716
"6.1"	-63.2491402564103	46.5102930769231	402227.751240551	294213.437413658	"2001"	18.7091721605738	452.296024181911
"6.2"	-63.2513482926829	46.8322463414634	399439.65018915	329847.976858142	"2001"	17.6938223552796	403.37742286613
"6.3"	-63.2510085365854	47.1676492682927	396738.067509929	366965.993357103	"2001"	13.0603141393997	218.713982429276
"6.4"	-63.2500287804878	47.498067804878	394126.01073903	403517.092168064	"2001"	4.36532401120827	25.7231452712047
"6.5"	-63.248466	47.834712	391507.052326201	440741.797609754	"2001"	4.86748738516026	32.6167631889456
"6.6"	-63.2519595121951	48.1677836585366	388543.07675857	477527.130966415	"2001"	4.81836154284812	30.797121844874
"6.7"	-63.2472797435897	48.4961161538462	386222.153699888	513817.841434508	"2001"	1.28267061980022	2.51285576227937
"6.8"	-63.2502525	48.70224625	384331.222462968	536562.272363894	"2001"	0.565738614543096	0.522440596229392
"7.1"	-63.7464597560976	46.8334304878049	361809.647637546	327345.59855544	"2001"	28.0498674723438	1014.73367776687
"7.2"	-63.7521	47.16577375	358936.059132761	364112.673385711	"2001"	37.2591383632543	1782.43711866109
"7.3"	-63.749593902439	47.5006512195122	356661.650815312	401182.17278995	"2001"	10.0123216796494	125.872765892477
"7.4"	-63.750308	47.833669	354159.767423131	438011.844371817	"2001"	8.38718698125398	89.4513993083649
"7.5"	-63.7489702439024	48.1676275609756	351804.534465203	474938.878470963	"2001"	11.0311754112703	159.121146256826
"7.6"	-63.7488834146341	48.498637804878	349378.777948225	511518.254921844	"2001"	2.94078484764496	12.5689325931105
"7.7"	-63.7510243589744	48.8298515384615	346789.94894362	548094.97044429	"2001"	0.628681903489461	0.636542678982522
"8.1"	-64.3730758974359	46.8332743589744	314173.468348785	324368.658229168	"2001"	0.811259048380508	0.833860424687378
"8.2"	-64.25039625	47.1666125	321306.779365656	361837.14568484	"2001"	9.23732740780211	106.756729003525
"8.3"	-64.250246097561	47.500507804878	319120.314489205	398802.322525997	"2001"	14.7985003929195	273.405123799055
"8.4"	-64.2504348717949	47.8342966666667	316910.218128317	435736.23285387	"2001"	26.1101322111301	874.961826311127
"8.5"	-64.2552680487805	48.16834	314356.094123475	472661.040811167	"2001"	23.6454317494375	720.51492875413
"8.6"	-64.08243375	48.4981325	324886.569876582	509890.997265977	"2001"	6.51406053760419	60.5052828050499
"8.7"	-64.0885979487179	48.7484051282051	322726.770506379	537518.766384427	"2001"	3.42581803702929	17.8949363110915
"9.1"	-64.6664007317073	46.8345875609756	291857.687428302	323272.120984389	"2001"	1.02795130261123	1.33510072495687
"9.2"	-64.74548	47.1700507317073	283890.788511935	360124.435980723	"2001"	1.9359223855347	4.82137012308751
"9.3"	-64.6624956097561	47.501352195122	288190.146874108	397146.465984739	"2001"	13.3828543160597	230.34534972859
"9.4"	-64.75479125	47.93580625	278746.181661153	444868.431379192	"2001"	7.43228884026649	70.2536563622112
"9.5"	-64.7479702564103	48.1625905128205	277936.605103154	469986.114073412	"2001"	21.1400640549291	565.950852922754
"1.1"	-60.9173561290323	46.8318080645161	576506.761688737	345716.596799721	"2002"	7.05658765026574	61.8460139135918
"1.2"	-60.7518202564103	47.1677838461538	585015.132779311	384126.153365578	"2002"	2.46115915248332	7.54829654403611
"1.3"	-60.7518171794872	47.4991305128205	581044.327850851	420658.123280453	"2002"	0.199398899125133	0.0544070042274643
"1.4"	-60.7516643243243	47.8320867567568	577067.272234514	457350.99505047	"2002"	0.057453167681087	0.00528398573335385
"1.5"	-60.7526330555556	48.1658583333333	572999.485433382	494107.962817711	"2002"	0.0212758624041987	0.00075163839334349
"10.1"	-65.248061	47.9340275	242069.540821145	442876.545197071	"2002"	9.76321548817812	124.202886748453
"11.1"	-65.7493197435897	47.9999905128205	204495.759083768	448615.006944755	"2002"	16.2219786167743	341.697732475885
"12.1"	-66.12838	48.0495311111111	176144.283722934	453092.182698747	"2002"	2.28253293289681	6.70503146929884
"2.1"	-61.2526164102564	46.5002064102564	554828.325564076	306449.255368057	"2002"	22.1965644211175	611.148394105659
"2.2"	-61.2438139473684	46.832285	551767.937178606	343195.641458842	"2002"	7.06035605665357	61.7319191955887
"2.3"	-61.252303	47.16639625	547376.253565787	380013.146143648	"2002"	1.51096736559571	2.86488154189677
"2.4"	-61.2342417073171	47.4981892682927	545005.94223114	416758.667907858	"2002"	0.18187737973993	0.0426432592178009
"2.5"	-61.2438780487805	47.8291019512195	540572.515011676	453178.259948557	"2002"	0.0839217234805679	0.0107144969455609
"2.6"	-61.249757	48.164506	536377.311145493	490105.572835156	"2002"	0.078495230010488	0.0102534941582166
"3.1"	-61.7637307692308	45.8336828205128	522781.229103154	228891.006830664	"2002"	38.2078473217094	1826.14925518838
"3.2"	-61.75005525	46.1677375	520342.221395964	265956.570860579	"2002"	24.8132034300413	767.379448444331
"3.3"	-61.7483046153846	46.4992884615385	517007.009451745	302635.547333685	"2002"	37.1009045157273	1706.54370314522
"3.4"	-61.74711625	46.832917	513607.623211568	339518.89023448	"2002"	13.6057915573224	231.255182147263
"3.5"	-61.75069	47.1599873170732	509918.766809975	375623.75670084	"2002"	3.15350831343037	12.325413543151
"3.6"	-61.8283812195122	47.5850885365854	499677.478040302	422010.615230489	"2002"	0.429472085776595	0.240024925864885
"3.7"	-61.7473371052632	47.8309984210526	503161.171188203	449715.830809922	"2002"	0.286508719404444	0.120108526032651
"3.8"	-61.746232051282	48.1685343589744	499718.885476494	486955.508090221	"2002"	0.106356439428171	0.0188602221181174
"3.9"	-61.7488010810811	48.3275886486486	497869.760815293	504476.493661616	"2002"	0.0358946676108953	0.00216496943107233
"4.1"	-62.24718475	45.83468	485351.413587291	225595.978590349	"2002"	10.486311314502	137.573868736513
"4.2"	-62.2434276923077	46.1633033333333	482452.767287601	262008.976970938	"2002"	28.2730880687847	996.58885689664
"4.3"	-62.250151025641	46.5709517948718	477985.988029402	307071.704417749	"2002"	63.1216171404454	4938.78955704211
"4.4"	-62.2505841463415	46.8321714634146	475423.655106098	335957.255319153	"2002"	18.2210526590771	411.124017743107
"4.5"	-62.2521246341463	47.1651790243902	472084.728170839	372756.753925677	"2002"	14.4768677241359	260.149835934474
"4.6"	-62.24517	47.5011043902439	469356.688484007	409915.382459566	"2002"	10.3040431970895	135.90361163834
"4.7"	-62.2483505128205	47.8323856410256	465914.59086071	446476.524059965	"2002"	1.42443387153811	2.78287980867599
"4.8"	-62.2504902564103	48.1688097435897	462504.340291844	483595.651234126	"2002"	0.378908891433295	0.231441051405127
"4.9"	-62.2470755263158	48.3859226315789	460657.842687668	507573.096047843	"2002"	0.054406448857656	0.00501105868874503
"5.1"	-62.7493007692308	46.5058253846154	440477.550379991	296661.878309954	"2002"	26.8083702757503	920.054599770937
"5.2"	-62.7510334146341	46.8296082926829	437460.379930388	332481.664246332	"2002"	86.3221491236503	9339.90078458697
"5.3"	-62.7504125	47.16851725	434489.329611461	369969.419551971	"2002"	159.235014532769	31663.9120831705
"5.4"	-62.7492063414634	47.4997248780488	431631.582391272	406589.877635884	"2002"	93.3852574570149	10953.1912083012
"5.5"	-62.74741075	47.83225475	428806.100789692	443342.162514868	"2002"	18.5560166351428	455.709654310127
"5.6"	-62.7519592682927	48.1672929268293	425489.201159275	480316.822176966	"2002"	1.88239463219066	5.48211266753421
"5.7"	-62.747265	48.4304765789474	423495.157736089	509399.680779149	"2002"	0.297135184814501	0.147563636158354
"6.1"	-63.2491402564103	46.5102930769231	402227.751240551	294213.437413658	"2002"	42.2016801473555	2215.90066763241
"6.2"	-63.2513482926829	46.8322463414634	399439.65018915	329847.976858142	"2002"	110.928289247059	15328.6343849343
"6.3"	-63.2510085365854	47.1676492682927	396738.067509929	366965.993357103	"2002"	242.588454267204	73330.7828250477
"6.4"	-63.2500287804878	47.498067804878	394126.01073903	403517.092168064	"2002"	197.277826064654	49485.3039706089
"6.5"	-63.248466	47.834712	391507.052326201	440741.797609754	"2002"	55.7822726181871	4050.59346931488
"6.6"	-63.2519595121951	48.1677836585366	388543.07675857	477527.130966415	"2002"	11.3772598807667	178.076479057481
"6.7"	-63.2472797435897	48.4961161538462	386222.153699888	513817.841434508	"2002"	1.31231213808209	2.75201124538693
"6.8"	-63.2502525	48.70224625	384331.222462968	536562.272363894	"2002"	0.462403989820734	0.355335703465074
"7.1"	-63.7464597560976	46.8334304878049	361809.647637546	327345.59855544	"2002"	168.391099441064	36351.7577960964
"7.2"	-63.7521	47.16577375	358936.059132761	364112.673385711	"2002"	247.686539095992	78446.9786317831
"7.3"	-63.749593902439	47.5006512195122	356661.650815312	401182.17278995	"2002"	255.76192886249	81784.4062828841
"7.4"	-63.750308	47.833669	354159.767423131	438011.844371817	"2002"	276.879366808203	97584.3202489669
"7.5"	-63.7489702439024	48.1676275609756	351804.534465203	474938.878470963	"2002"	46.6785904178343	2932.61811494269
"7.6"	-63.7488834146341	48.498637804878	349378.777948225	511518.254921844	"2002"	4.2310961860839	27.0495748208039
"7.7"	-63.7510243589744	48.8298515384615	346789.94894362	548094.97044429	"2002"	0.56366211924934	0.518292088350811
"8.1"	-64.3730758974359	46.8332743589744	314173.468348785	324368.658229168	"2002"	15.2447288301016	293.563950150227
"8.2"	-64.25039625	47.1666125	321306.779365656	361837.14568484	"2002"	113.250138467395	16066.5570789803
"8.3"	-64.250246097561	47.500507804878	319120.314489205	398802.322525997	"2002"	197.71985247154	49093.1134743245
"8.4"	-64.2504348717949	47.8342966666667	316910.218128317	435736.23285387	"2002"	235.663643860879	71730.7160135766
"8.5"	-64.2552680487805	48.16834	314356.094123475	472661.040811167	"2002"	108.015395553477	15130.4867296252
"8.6"	-64.08243375	48.4981325	324886.569876582	509890.997265977	"2002"	10.2991776506882	158.214439435817
"8.7"	-64.0885979487179	48.7484051282051	322726.770506379	537518.766384427	"2002"	3.58021072190722	20.0370572296572
"9.1"	-64.6664007317073	46.8345875609756	291857.687428302	323272.120984389	"2002"	32.5266241579815	1339.06519502213
"9.2"	-64.74548	47.1700507317073	283890.788511935	360124.435980723	"2002"	60.797449389342	4774.24828080113
"9.3"	-64.6624956097561	47.501352195122	288190.146874108	397146.465984739	"2002"	162.491908456419	34204.197377059
"9.4"	-64.75479125	47.93580625	278746.181661153	444868.431379192	"2002"	26.0101390759566	918.303054553097
"9.5"	-64.7479702564103	48.1625905128205	277936.605103154	469986.114073412	"2002"	39.5935724276612	2069.34158369208
"1.1"	-60.9173561290323	46.8318080645161	576506.761688737	345716.596799721	"2003"	14.8827084644114	279.305567213735
"1.2"	-60.7518202564103	47.1677838461538	585015.132779311	384126.153365578	"2003"	4.88871623767138	30.3634335014079
"1.3"	-60.7518171794872	47.4991305128205	581044.327850851	420658.123280453	"2003"	0.312440279796819	0.137726600697569
"1.4"	-60.7516643243243	47.8320867567568	577067.272234514	457350.99505047	"2003"	0.0553465869245554	0.00467173506138509
"1.5"	-60.7526330555556	48.1658583333333	572999.485433382	494107.962817711	"2003"	0.0255201777352189	0.0010485124809008
"10.1"	-65.248061	47.9340275	242069.540821145	442876.545197071	"2003"	29.9898735390381	1159.19998096842
"11.1"	-65.7493197435897	47.9999905128205	204495.759083768	448615.006944755	"2003"	98.5644233107178	12507.7453112068
"12.1"	-66.12838	48.0495311111111	176144.283722934	453092.182698747	"2003"	15.4325008615661	301.710136719339
"2.1"	-61.2526164102564	46.5002064102564	554828.325564076	306449.255368057	"2003"	39.1264966626454	1912.79362068565
"2.2"	-61.2438139473684	46.832285	551767.937178606	343195.641458842	"2003"	13.9644655925646	244.470651198547
"2.3"	-61.252303	47.16639625	547376.253565787	380013.146143648	"2003"	2.93445026619638	12.0314541656225
"2.4"	-61.2342417073171	47.4981892682927	545005.94223114	416758.667907858	"2003"	0.438090584963004	0.282226783011428
"2.5"	-61.2438780487805	47.8291019512195	540572.515011676	453178.259948557	"2003"	0.180059143794712	0.0515937190062941
"2.6"	-61.249757	48.164506	536377.311145493	490105.572835156	"2003"	0.146018062851153	0.0353550446961863
"3.1"	-61.7637307692308	45.8336828205128	522781.229103154	228891.006830664	"2003"	50.9940943695355	3265.58586349186
"3.2"	-61.75005525	46.1677375	520342.221395964	265956.570860579	"2003"	53.4943935674242	3589.40125217442
"3.3"	-61.7483046153846	46.4992884615385	517007.009451745	302635.547333685	"2003"	69.6510237099454	6051.47553481975
"3.4"	-61.74711625	46.832917	513607.623211568	339518.89023448	"2003"	15.3875930171091	309.31177378169
"3.5"	-61.75069	47.1599873170732	509918.766809975	375623.75670084	"2003"	2.97875730873857	11.4880543377124
"3.6"	-61.8283812195122	47.5850885365854	499677.478040302	422010.615230489	"2003"	0.979894914835945	1.53007071028454
"3.7"	-61.7473371052632	47.8309984210526	503161.171188203	449715.830809922	"2003"	0.849088246269882	1.18338649796547
"3.8"	-61.746232051282	48.1685343589744	499718.885476494	486955.508090221	"2003"	0.281457589606022	0.13389415102578
"3.9"	-61.7488010810811	48.3275886486486	497869.760815293	504476.493661616	"2003"	0.0834708357252986	0.0117768426559845
"4.1"	-62.24718475	45.83468	485351.413587291	225595.978590349	"2003"	23.9267152476837	718.125188444688
"4.2"	-62.2434276923077	46.1633033333333	482452.767287601	262008.976970938	"2003"	168.518906095421	35571.2476299425
"4.3"	-62.250151025641	46.5709517948718	477985.988029402	307071.704417749	"2003"	230.743138518881	66342.6707215345
"4.4"	-62.2505841463415	46.8321714634146	475423.655106098	335957.255319153	"2003"	28.9115719235455	1044.62936045758
"4.5"	-62.2521246341463	47.1651790243902	472084.728170839	372756.753925677	"2003"	5.58663279137599	40.5919879126512
"4.6"	-62.24517	47.5011043902439	469356.688484007	409915.382459566	"2003"	8.00676452018656	101.672944031637
"4.7"	-62.2483505128205	47.8323856410256	465914.59086071	446476.524059965	"2003"	3.26310162142905	17.6146105924626
"4.8"	-62.2504902564103	48.1688097435897	462504.340291844	483595.651234126	"2003"	0.915564977835187	1.41278587721919
"4.9"	-62.2470755263158	48.3859226315789	460657.842687668	507573.096047843	"2003"	0.113300104007637	0.0218754135521592
"5.1"	-62.7493007692308	46.5058253846154	440477.550379991	296661.878309954	"2003"	159.951584427281	32890.1644807998
"5.2"	-62.7510334146341	46.8296082926829	437460.379930388	332481.664246332	"2003"	119.22963662688	18257.5628540402
"5.3"	-62.7504125	47.16851725	434489.329611461	369969.419551971	"2003"	30.7435625142374	1235.57654060112
"5.4"	-62.7492063414634	47.4997248780488	431631.582391272	406589.877635884	"2003"	19.0914311357956	529.579005778613
"5.5"	-62.74741075	47.83225475	428806.100789692	443342.162514868	"2003"	14.2145305235831	326.67908392676
"5.6"	-62.7519592682927	48.1672929268293	425489.201159275	480316.822176966	"2003"	2.24142449959181	8.37443956137292
"5.7"	-62.747265	48.4304765789474	423495.157736089	509399.680779149	"2003"	0.397847232222469	0.268425173363129
"6.1"	-63.2491402564103	46.5102930769231	402227.751240551	294213.437413658	"2003"	266.535357020971	88568.4980116729
"6.2"	-63.2513482926829	46.8322463414634	399439.65018915	329847.976858142	"2003"	220.353622108666	60818.1522477054
"6.3"	-63.2510085365854	47.1676492682927	396738.067509929	366965.993357103	"2003"	172.013011218777	37370.5665526562
"6.4"	-63.2500287804878	47.498067804878	394126.01073903	403517.092168064	"2003"	61.6387898181291	5216.49364290958
"6.5"	-63.248466	47.834712	391507.052326201	440741.797609754	"2003"	18.1546268757673	491.879046530991
"6.6"	-63.2519595121951	48.1677836585366	388543.07675857	477527.130966415	"2003"	4.93791957949946	37.1365313259443
"6.7"	-63.2472797435897	48.4961161538462	386222.153699888	513817.841434508	"2003"	1.11797697481303	2.07686011181496
"6.8"	-63.2502525	48.70224625	384331.222462968	536562.272363894	"2003"	0.529673597157565	0.473669750050409
"7.1"	-63.7464597560976	46.8334304878049	361809.647637546	327345.59855544	"2003"	478.650107973463	293999.163120206
"7.2"	-63.7521	47.16577375	358936.059132761	364112.673385711	"2003"	534.524606230604	365952.85457121
"7.3"	-63.749593902439	47.5006512195122	356661.650815312	401182.17278995	"2003"	230.952010806235	67088.6722672884
"7.4"	-63.750308	47.833669	354159.767423131	438011.844371817	"2003"	39.5268671016511	2023.99958050935
"7.5"	-63.7489702439024	48.1676275609756	351804.534465203	474938.878470963	"2003"	9.59424475811164	128.889125306673
"7.6"	-63.7488834146341	48.498637804878	349378.777948225	511518.254921844	"2003"	3.01066473116443	14.5438468219328
"7.7"	-63.7510243589744	48.8298515384615	346789.94894362	548094.97044429	"2003"	0.659244993218433	0.722984183827589
"8.1"	-64.3730758974359	46.8332743589744	314173.468348785	324368.658229168	"2003"	50.263508930809	3176.12342799128
"8.2"	-64.25039625	47.1666125	321306.779365656	361837.14568484	"2003"	289.512132080392	104607.284110081
"8.3"	-64.250246097561	47.500507804878	319120.314489205	398802.322525997	"2003"	305.963049140373	116823.691100764
"8.4"	-64.2504348717949	47.8342966666667	316910.218128317	435736.23285387	"2003"	156.747523604698	31572.2635637349
"8.5"	-64.2552680487805	48.16834	314356.094123475	472661.040811167	"2003"	40.2453995897667	2093.55555688812
"8.6"	-64.08243375	48.4981325	324886.569876582	509890.997265977	"2003"	6.96290729467062	73.9077152261886
"8.7"	-64.0885979487179	48.7484051282051	322726.770506379	537518.766384427	"2003"	3.69429797187797	21.7201902021907
"9.1"	-64.6664007317073	46.8345875609756	291857.687428302	323272.120984389	"2003"	102.440187982466	13184.4496015494
"9.2"	-64.74548	47.1700507317073	283890.788511935	360124.435980723	"2003"	106.57265471334	14586.6771262321
"9.3"	-64.6624956097561	47.501352195122	288190.146874108	397146.465984739	"2003"	274.104031504849	96547.2010737043
"9.4"	-64.75479125	47.93580625	278746.181661153	444868.431379192	"2003"	41.2854110281199	2167.34721596179
"9.5"	-64.7479702564103	48.1625905128205	277936.605103154	469986.114073412	"2003"	49.1586157700002	3061.40700620709
"1.1"	-60.9173561290323	46.8318080645161	576506.761688737	345716.596799721	"2004"	5.57436569613201	39.1217501406754
"1.2"	-60.7518202564103	47.1677838461538	585015.132779311	384126.153365578	"2004"	2.53771518833546	8.36408053264903
"1.3"	-60.7518171794872	47.4991305128205	581044.327850851	420658.123280453	"2004"	0.423599128532854	0.288099476322901
"1.4"	-60.7516643243243	47.8320867567568	577067.272234514	457350.99505047	"2004"	0.155677480647426	0.0406463928032082
"1.5"	-60.7526330555556	48.1658583333333	572999.485433382	494107.962817711	"2004"	0.0489105550407394	0.00401226083582584
"10.1"	-65.248061	47.9340275	242069.540821145	442876.545197071	"2004"	11.4178753526529	168.457379594934
"11.1"	-65.7493197435897	47.9999905128205	204495.759083768	448615.006944755	"2004"	34.6427615043631	1546.97544786178
"12.1"	-66.12838	48.0495311111111	176144.283722934	453092.182698747	"2004"	5.50077890226383	38.3619727985121
"2.1"	-61.2526164102564	46.5002064102564	554828.325564076	306449.255368057	"2004"	5.83598535992161	42.4323601368981
"2.2"	-61.2438139473684	46.832285	551767.937178606	343195.641458842	"2004"	2.93367558142636	10.7291671381542
"2.3"	-61.252303	47.16639625	547376.253565787	380013.146143648	"2004"	0.81679740290462	0.89741671515389
"2.4"	-61.2342417073171	47.4981892682927	545005.94223114	416758.667907858	"2004"	0.302060558799587	0.138258569950613
"2.5"	-61.2438780487805	47.8291019512195	540572.515011676	453178.259948557	"2004"	0.218746546334716	0.0786647963763621
"2.6"	-61.249757	48.164506	536377.311145493	490105.572835156	"2004"	0.171234404449738	0.0489878551982883
"3.1"	-61.7637307692308	45.8336828205128	522781.229103154	228891.006830664	"2004"	50.2530863833354	3167.71028428825
"3.2"	-61.75005525	46.1677375	520342.221395964	265956.570860579	"2004"	12.87321566629	207.419738295043
"3.3"	-61.7483046153846	46.4992884615385	517007.009451745	302635.547333685	"2004"	11.7273583888598	171.115390691952
"3.4"	-61.74711625	46.832917	513607.623211568	339518.89023448	"2004"	2.36083429714372	7.14589239717692
"3.5"	-61.75069	47.1599873170732	509918.766809975	375623.75670084	"2004"	0.748789143904797	0.711308696019258
"3.6"	-61.8283812195122	47.5850885365854	499677.478040302	422010.615230489	"2004"	0.690751325244995	0.733028260356707
"3.7"	-61.7473371052632	47.8309984210526	503161.171188203	449715.830809922	"2004"	0.724963452878873	0.841283635468064
"3.8"	-61.746232051282	48.1685343589744	499718.885476494	486955.508090221	"2004"	0.189083989098367	0.0592967074571764
"3.9"	-61.7488010810811	48.3275886486486	497869.760815293	504476.493661616	"2004"	0.0492142452558512	0.00400594684644095
"4.1"	-62.24718475	45.83468	485351.413587291	225595.978590349	"2004"	34.6677503836917	1507.13832689775
"4.2"	-62.2434276923077	46.1633033333333	482452.767287601	262008.976970938	"2004"	80.7415476012286	8158.22946836651
"4.3"	-62.250151025641	46.5709517948718	477985.988029402	307071.704417749	"2004"	109.494308005352	14915.9813547562
"4.4"	-62.2505841463415	46.8321714634146	475423.655106098	335957.255319153	"2004"	5.75542576688184	41.2588412797521
"4.5"	-62.2521246341463	47.1651790243902	472084.728170839	372756.753925677	"2004"	1.80384154221363	4.14484391898041
"4.6"	-62.24517	47.5011043902439	469356.688484007	409915.382459566	"2004"	6.73115116381814	67.038366768939
"4.7"	-62.2483505128205	47.8323856410256	465914.59086071	446476.524059965	"2004"	3.64579792123658	20.196351951883
"4.8"	-62.2504902564103	48.1688097435897	462504.340291844	483595.651234126	"2004"	0.443983795099814	0.303182946388129
"4.9"	-62.2470755263158	48.3859226315789	460657.842687668	507573.096047843	"2004"	0.0434393305993929	0.00310134461678337
"5.1"	-62.7493007692308	46.5058253846154	440477.550379991	296661.878309954	"2004"	197.462197547138	50133.9446223318
"5.2"	-62.7510334146341	46.8296082926829	437460.379930388	332481.664246332	"2004"	59.8676055561903	4591.51586016648
"5.3"	-62.7504125	47.16851725	434489.329611461	369969.419551971	"2004"	16.0009335176503	329.615205541682
"5.4"	-62.7492063414634	47.4997248780488	431631.582391272	406589.877635884	"2004"	25.9249097239259	893.764879062973
"5.5"	-62.74741075	47.83225475	428806.100789692	443342.162514868	"2004"	34.8624492863915	1696.67585695458
"5.6"	-62.7519592682927	48.1672929268293	425489.201159275	480316.822176966	"2004"	1.71908727939979	4.34352011567056
"5.7"	-62.747265	48.4304765789474	423495.157736089	509399.680779149	"2004"	0.124560368919708	0.0242668299172951
"6.1"	-63.2491402564103	46.5102930769231	402227.751240551	294213.437413658	"2004"	467.475688428599	273105.169765116
"6.2"	-63.2513482926829	46.8322463414634	399439.65018915	329847.976858142	"2004"	203.071921982438	51898.9170739821
"6.3"	-63.2510085365854	47.1676492682927	396738.067509929	366965.993357103	"2004"	75.862774655694	7333.66351227104
"6.4"	-63.2500287804878	47.498067804878	394126.01073903	403517.092168064	"2004"	46.2209054614382	2995.85326617836
"6.5"	-63.248466	47.834712	391507.052326201	440741.797609754	"2004"	22.2102101340165	682.218047788331
"6.6"	-63.2519595121951	48.1677836585366	388543.07675857	477527.130966415	"2004"	2.50136623202983	8.36422209107918
"6.7"	-63.2472797435897	48.4961161538462	386222.153699888	513817.841434508	"2004"	0.207904709860506	0.0616718935958217
"6.8"	-63.2502525	48.70224625	384331.222462968	536562.272363894	"2004"	0.071192006895116	0.0075986408118081
"7.1"	-63.7464597560976	46.8334304878049	361809.647637546	327345.59855544	"2004"	526.407190357401	357048.906917103
"7.2"	-63.7521	47.16577375	358936.059132761	364112.673385711	"2004"	158.42033058667	32330.5164067794
"7.3"	-63.749593902439	47.5006512195122	356661.650815312	401182.17278995	"2004"	40.4632777519561	2116.05954049494
"7.4"	-63.750308	47.833669	354159.767423131	438011.844371817	"2004"	18.4448015000568	467.381725608446
"7.5"	-63.7489702439024	48.1676275609756	351804.534465203	474938.878470963	"2004"	3.73187967916872	20.0226301496447
"7.6"	-63.7488834146341	48.498637804878	349378.777948225	511518.254921844	"2004"	0.431078979021214	0.269925146116234
"7.7"	-63.7510243589744	48.8298515384615	346789.94894362	548094.97044429	"2004"	0.0497285507964917	0.00348601305647267
"8.1"	-64.3730758974359	46.8332743589744	314173.468348785	324368.658229168	"2004"	114.06281922334	16578.2000655658
"8.2"	-64.25039625	47.1666125	321306.779365656	361837.14568484	"2004"	169.795167742666	36376.9535283897
"8.3"	-64.250246097561	47.500507804878	319120.314489205	398802.322525997	"2004"	73.4282310514249	6835.5727820703
"8.4"	-64.2504348717949	47.8342966666667	316910.218128317	435736.23285387	"2004"	35.8266458880678	1663.7049918115
"8.5"	-64.2552680487805	48.16834	314356.094123475	472661.040811167	"2004"	5.862387917017	44.6208434394496
"8.6"	-64.08243375	48.4981325	324886.569876582	509890.997265977	"2004"	0.766178152319903	0.832382649467374
"8.7"	-64.0885979487179	48.7484051282051	322726.770506379	537518.766384427	"2004"	0.259361394836508	0.0918897501712549
"9.1"	-64.6664007317073	46.8345875609756	291857.687428302	323272.120984389	"2004"	323.886793270829	133204.249192278
"9.2"	-64.74548	47.1700507317073	283890.788511935	360124.435980723	"2004"	170.816936134154	37674.9856059126
"9.3"	-64.6624956097561	47.501352195122	288190.146874108	397146.465984739	"2004"	185.615411991315	44559.541908799
"9.4"	-64.75479125	47.93580625	278746.181661153	444868.431379192	"2004"	11.8959984373095	183.059578105672
"9.5"	-64.7479702564103	48.1625905128205	277936.605103154	469986.114073412	"2004"	9.10930658413458	105.704843409362
"1.1"	-60.9173561290323	46.8318080645161	576506.761688737	345716.596799721	"2005"	16.2183150910568	326.854872354156
"1.2"	-60.7518202564103	47.1677838461538	585015.132779311	384126.153365578	"2005"	8.57734529041812	91.6146050584938
"1.3"	-60.7518171794872	47.4991305128205	581044.327850851	420658.123280453	"2005"	0.563573165371433	0.421661959226509
"1.4"	-60.7516643243243	47.8320867567568	577067.272234514	457350.99505047	"2005"	0.093121645100058	0.0128509178693678
"1.5"	-60.7526330555556	48.1658583333333	572999.485433382	494107.962817711	"2005"	0.0211600998795914	0.000703098476429802
"10.1"	-65.248061	47.9340275	242069.540821145	442876.545197071	"2005"	2.6438708632568	9.10884382970943
"11.1"	-65.7493197435897	47.9999905128205	204495.759083768	448615.006944755	"2005"	8.11197774884145	85.5983380058571
"12.1"	-66.12838	48.0495311111111	176144.283722934	453092.182698747	"2005"	2.30326025174414	6.9578061190324
"2.1"	-61.2526164102564	46.5002064102564	554828.325564076	306449.255368057	"2005"	9.30321342643018	107.424738002862
"2.2"	-61.2438139473684	46.832285	551767.937178606	343195.641458842	"2005"	10.7228512444462	142.488879882862
"2.3"	-61.252303	47.16639625	547376.253565787	380013.146143648	"2005"	9.37549092827234	110.739943290457
"2.4"	-61.2342417073171	47.4981892682927	545005.94223114	416758.667907858	"2005"	0.964774729797233	1.19498050122799
"2.5"	-61.2438780487805	47.8291019512195	540572.515011676	453178.259948557	"2005"	0.133220088783107	0.0251209225465049
"2.6"	-61.249757	48.164506	536377.311145493	490105.572835156	"2005"	0.0655511316590555	0.00687455225789018
"3.1"	-61.7637307692308	45.8336828205128	522781.229103154	228891.006830664	"2005"	4.86509994757225	29.6344297136932
"3.2"	-61.75005525	46.1677375	520342.221395964	265956.570860579	"2005"	5.70539347938652	40.6177183501144
"3.3"	-61.7483046153846	46.4992884615385	517007.009451745	302635.547333685	"2005"	15.1542847125016	284.995035783592
"3.4"	-61.74711625	46.832917	513607.623211568	339518.89023448	"2005"	11.7596181437534	173.680987117772
"3.5"	-61.75069	47.1599873170732	509918.766809975	375623.75670084	"2005"	9.37047228806752	109.222020794525
"3.6"	-61.8283812195122	47.5850885365854	499677.478040302	422010.615230489	"2005"	1.22013134525653	2.02991097520825
"3.7"	-61.7473371052632	47.8309984210526	503161.171188203	449715.830809922	"2005"	0.407103157491058	0.242969176085134
"3.8"	-61.746232051282	48.1685343589744	499718.885476494	486955.508090221	"2005"	0.0623580469770954	0.0063664225635352
"3.9"	-61.7488010810811	48.3275886486486	497869.760815293	504476.493661616	"2005"	0.0163651028392888	0.000442020234696852
"4.1"	-62.24718475	45.83468	485351.413587291	225595.978590349	"2005"	2.68308762387498	9.01520793684428
"4.2"	-62.2434276923077	46.1633033333333	482452.767287601	262008.976970938	"2005"	22.8561465639582	652.165226313344
"4.3"	-62.250151025641	46.5709517948718	477985.988029402	307071.704417749	"2005"	40.0453167736558	1990.29579986822
"4.4"	-62.2505841463415	46.8321714634146	475423.655106098	335957.255319153	"2005"	10.4662017727182	135.885048894627
"4.5"	-62.2521246341463	47.1651790243902	472084.728170839	372756.753925677	"2005"	6.5352078380079	53.3313774639925
"4.6"	-62.24517	47.5011043902439	469356.688484007	409915.382459566	"2005"	5.7703368924459	44.3652135590035
"4.7"	-62.2483505128205	47.8323856410256	465914.59086071	446476.524059965	"2005"	0.546983069707699	0.425901035090801
"4.8"	-62.2504902564103	48.1688097435897	462504.340291844	483595.651234126	"2005"	0.0823689628468179	0.0106997423155349
"4.9"	-62.2470755263158	48.3859226315789	460657.842687668	507573.096047843	"2005"	0.00957179611055317	0.000152979901101041
"5.1"	-62.7493007692308	46.5058253846154	440477.550379991	296661.878309954	"2005"	24.0372360037101	741.076775376903
"5.2"	-62.7510334146341	46.8296082926829	437460.379930388	332481.664246332	"2005"	38.5810705049902	1878.8882236339
"5.3"	-62.7504125	47.16851725	434489.329611461	369969.419551971	"2005"	13.6217026500551	234.036624192852
"5.4"	-62.7492063414634	47.4997248780488	431631.582391272	406589.877635884	"2005"	3.41853213826484	15.0638348523266
"5.5"	-62.74741075	47.83225475	428806.100789692	443342.162514868	"2005"	1.18395380862733	1.97565470712069
"5.6"	-62.7519592682927	48.1672929268293	425489.201159275	480316.822176966	"2005"	0.088822757759255	0.0116222377046219
"5.7"	-62.747265	48.4304765789474	423495.157736089	509399.680779149	"2005"	0.0174206770646513	0.000490316238524506
"6.1"	-63.2491402564103	46.5102930769231	402227.751240551	294213.437413658	"2005"	50.3500847393732	3158.35474756617
"6.2"	-63.2513482926829	46.8322463414634	399439.65018915	329847.976858142	"2005"	93.8219686594979	10997.6871269138
"6.3"	-63.2510085365854	47.1676492682927	396738.067509929	366965.993357103	"2005"	69.8462865969152	6116.42332013456
"6.4"	-63.2500287804878	47.498067804878	394126.01073903	403517.092168064	"2005"	7.6556395011972	77.0957750951346
"6.5"	-63.248466	47.834712	391507.052326201	440741.797609754	"2005"	1.48998362045739	3.07564099651763
"6.6"	-63.2519595121951	48.1677836585366	388543.07675857	477527.130966415	"2005"	0.236121691739309	0.0753221045650137
"6.7"	-63.2472797435897	48.4961161538462	386222.153699888	513817.841434508	"2005"	0.0426857161269238	0.00277067181370704
"6.8"	-63.2502525	48.70224625	384331.222462968	536562.272363894	"2005"	0.0213875848745765	0.000735690162781935
"7.1"	-63.7464597560976	46.8334304878049	361809.647637546	327345.59855544	"2005"	231.390749480515	68741.3421906612
"7.2"	-63.7521	47.16577375	358936.059132761	364112.673385711	"2005"	141.850018728014	25788.6277186425
"7.3"	-63.749593902439	47.5006512195122	356661.650815312	401182.17278995	"2005"	29.5843238839924	1102.82288067131
"7.4"	-63.750308	47.833669	354159.767423131	438011.844371817	"2005"	6.29501261431496	51.5548873767095
"7.5"	-63.7489702439024	48.1676275609756	351804.534465203	474938.878470963	"2005"	0.892941000726296	1.1124100013584
"7.6"	-63.7488834146341	48.498637804878	349378.777948225	511518.254921844	"2005"	0.0968293044931601	0.0136498561961358
"7.7"	-63.7510243589744	48.8298515384615	346789.94894362	548094.97044429	"2005"	0.0236139416294147	0.000871013093968943
"8.1"	-64.3730758974359	46.8332743589744	314173.468348785	324368.658229168	"2005"	29.6900897195891	1113.8236417196
"8.2"	-64.25039625	47.1666125	321306.779365656	361837.14568484	"2005"	127.22759196024	20290.00638031
"8.3"	-64.250246097561	47.500507804878	319120.314489205	398802.322525997	"2005"	128.565335540952	20777.6475318454
"8.4"	-64.2504348717949	47.8342966666667	316910.218128317	435736.23285387	"2005"	27.6641871104745	989.331848843001
"8.5"	-64.2552680487805	48.16834	314356.094123475	472661.040811167	"2005"	2.71348999177045	9.55940316569098
"8.6"	-64.08243375	48.4981325	324886.569876582	509890.997265977	"2005"	0.221667355909761	0.070374962768427
"8.7"	-64.0885979487179	48.7484051282051	322726.770506379	537518.766384427	"2005"	0.124347119272801	0.0231583990026721
"9.1"	-64.6664007317073	46.8345875609756	291857.687428302	323272.120984389	"2005"	80.595313862054	8213.77230874481
"9.2"	-64.74548	47.1700507317073	283890.788511935	360124.435980723	"2005"	100.655581700114	13073.9936477489
"9.3"	-64.6624956097561	47.501352195122	288190.146874108	397146.465984739	"2005"	165.103831466669	35257.6796284605
"9.4"	-64.75479125	47.93580625	278746.181661153	444868.431379192	"2005"	3.547066528196	16.8403093789866
"9.5"	-64.7479702564103	48.1625905128205	277936.605103154	469986.114073412	"2005"	3.2862523136587	14.4104085071603
"1.1"	-60.9173561290323	46.8318080645161	576506.761688737	345716.596799721	"2006"	1.17441819740784	1.97439525205831
"1.2"	-60.7518202564103	47.1677838461538	585015.132779311	384126.153365578	"2006"	2.81113454664892	10.9136745170092
"1.3"	-60.7518171794872	47.4991305128205	581044.327850851	420658.123280453	"2006"	1.22823887369841	2.16976835109991
"1.4"	-60.7516643243243	47.8320867567568	577067.272234514	457350.99505047	"2006"	0.769290149721959	0.863025380348395
"1.5"	-60.7526330555556	48.1658583333333	572999.485433382	494107.962817711	"2006"	0.123879908707746	0.021597890262066
"10.1"	-65.248061	47.9340275	242069.540821145	442876.545197071	"2006"	4.06288861059744	21.1164724788361
"11.1"	-65.7493197435897	47.9999905128205	204495.759083768	448615.006944755	"2006"	12.5379841168249	201.166997079046
"12.1"	-66.12838	48.0495311111111	176144.283722934	453092.182698747	"2006"	3.4559783255723	15.0097130463069
"2.1"	-61.2526164102564	46.5002064102564	554828.325564076	306449.255368057	"2006"	0.514668557639875	0.367867368938246
"2.2"	-61.2438139473684	46.832285	551767.937178606	343195.641458842	"2006"	0.52608230033123	0.373770811372702
"2.3"	-61.252303	47.16639625	547376.253565787	380013.146143648	"2006"	0.877332037353543	1.07581025186852
"2.4"	-61.2342417073171	47.4981892682927	545005.94223114	416758.667907858	"2006"	1.17854579401875	1.81385964827871
"2.5"	-61.2438780487805	47.8291019512195	540572.515011676	453178.259948557	"2006"	1.62445144441564	3.48299854776378
"2.6"	-61.249757	48.164506	536377.311145493	490105.572835156	"2006"	0.621806552964069	0.535272323893482
"3.1"	-61.7637307692308	45.8336828205128	522781.229103154	228891.006830664	"2006"	2.39890416864494	7.74255280255339
"3.2"	-61.75005525	46.1677375	520342.221395964	265956.570860579	"2006"	0.498776205509027	0.355347964674891
"3.3"	-61.7483046153846	46.4992884615385	517007.009451745	302635.547333685	"2006"	0.749789332560257	0.809806345756029
"3.4"	-61.74711625	46.832917	513607.623211568	339518.89023448	"2006"	0.604062415181632	0.562188508907781
"3.5"	-61.75069	47.1599873170732	509918.766809975	375623.75670084	"2006"	1.38861392969438	2.49032781771988
"3.6"	-61.8283812195122	47.5850885365854	499677.478040302	422010.615230489	"2006"	1.61175953683131	3.38681796809174
"3.7"	-61.7473371052632	47.8309984210526	503161.171188203	449715.830809922	"2006"	2.03758698833775	5.45802305564197
"3.8"	-61.746232051282	48.1685343589744	499718.885476494	486955.508090221	"2006"	0.77902630216291	0.90096179061107
"3.9"	-61.7488010810811	48.3275886486486	497869.760815293	504476.493661616	"2006"	0.235540071478131	0.0844595172037914
"4.1"	-62.24718475	45.83468	485351.413587291	225595.978590349	"2006"	0.629266030517396	0.532371003669256
"4.2"	-62.2434276923077	46.1633033333333	482452.767287601	262008.976970938	"2006"	1.09354267782556	1.7567830490903
"4.3"	-62.250151025641	46.5709517948718	477985.988029402	307071.704417749	"2006"	1.85242731802418	4.96156922631399
"4.4"	-62.2505841463415	46.8321714634146	475423.655106098	335957.255319153	"2006"	0.662182729989948	0.593588860082524
"4.5"	-62.2521246341463	47.1651790243902	472084.728170839	372756.753925677	"2006"	2.63196545176813	8.99438846221536
"4.6"	-62.24517	47.5011043902439	469356.688484007	409915.382459566	"2006"	7.61233515477471	76.5966793766412
"4.7"	-62.2483505128205	47.8323856410256	465914.59086071	446476.524059965	"2006"	4.22415817416499	23.9120650405075
"4.8"	-62.2504902564103	48.1688097435897	462504.340291844	483595.651234126	"2006"	1.51174016063187	3.19905795948368
"4.9"	-62.2470755263158	48.3859226315789	460657.842687668	507573.096047843	"2006"	0.27173989495807	0.11580235669674
"5.1"	-62.7493007692308	46.5058253846154	440477.550379991	296661.878309954	"2006"	0.785532630036345	0.810680733968841
"5.2"	-62.7510334146341	46.8296082926829	437460.379930388	332481.664246332	"2006"	1.01402081767174	1.5137829852319
"5.3"	-62.7504125	47.16851725	434489.329611461	369969.419551971	"2006"	2.56346525174796	8.56083403362572
"5.4"	-62.7492063414634	47.4997248780488	431631.582391272	406589.877635884	"2006"	7.51072951788292	71.5007249791881
"5.5"	-62.74741075	47.83225475	428806.100789692	443342.162514868	"2006"	13.3765255549365	229.067388984294
"5.6"	-62.7519592682927	48.1672929268293	425489.201159275	480316.822176966	"2006"	4.27335674549948	23.9250133139622
"5.7"	-62.747265	48.4304765789474	423495.157736089	509399.680779149	"2006"	1.43548541000241	2.97860681816416
"6.1"	-63.2491402564103	46.5102930769231	402227.751240551	294213.437413658	"2006"	0.72794014036241	0.688923466238299
"6.2"	-63.2513482926829	46.8322463414634	399439.65018915	329847.976858142	"2006"	0.574573428357415	0.426591982533512
"6.3"	-63.2510085365854	47.1676492682927	396738.067509929	366965.993357103	"2006"	2.10428370855722	5.58064717105776
"6.4"	-63.2500287804878	47.498067804878	394126.01073903	403517.092168064	"2006"	15.5698750563745	307.252474101813
"6.5"	-63.248466	47.834712	391507.052326201	440741.797609754	"2006"	19.4628939017619	475.422094279833
"6.6"	-63.2519595121951	48.1677836585366	388543.07675857	477527.130966415	"2006"	11.6994770832558	170.721459356098
"6.7"	-63.2472797435897	48.4961161538462	386222.153699888	513817.841434508	"2006"	5.57186005737976	40.0022138027032
"6.8"	-63.2502525	48.70224625	384331.222462968	536562.272363894	"2006"	2.94489775782697	11.8792604994526
"7.1"	-63.7464597560976	46.8334304878049	361809.647637546	327345.59855544	"2006"	1.69934298134505	3.72281305429603
"7.2"	-63.7521	47.16577375	358936.059132761	364112.673385711	"2006"	3.94645548944866	19.9292123128243
"7.3"	-63.749593902439	47.5006512195122	356661.650815312	401182.17278995	"2006"	12.5369094654144	195.267010510708
"7.4"	-63.750308	47.833669	354159.767423131	438011.844371817	"2006"	14.212072852424	251.054803939176
"7.5"	-63.7489702439024	48.1676275609756	351804.534465203	474938.878470963	"2006"	11.4199946903949	162.555036471181
"7.6"	-63.7488834146341	48.498637804878	349378.777948225	511518.254921844	"2006"	6.90802749978956	60.0202271484746
"7.7"	-63.7510243589744	48.8298515384615	346789.94894362	548094.97044429	"2006"	1.83143304673248	4.34081023058932
"8.1"	-64.3730758974359	46.8332743589744	314173.468348785	324368.658229168	"2006"	1.14132543310675	1.64531677384028
"8.2"	-64.25039625	47.1666125	321306.779365656	361837.14568484	"2006"	9.0519564891269	102.119258990381
"8.3"	-64.250246097561	47.500507804878	319120.314489205	398802.322525997	"2006"	32.5079796606139	1311.61102353237
"8.4"	-64.2504348717949	47.8342966666667	316910.218128317	435736.23285387	"2006"	19.7519174961873	496.190787851633
"8.5"	-64.2552680487805	48.16834	314356.094123475	472661.040811167	"2006"	10.1451275479551	130.857919077807
"8.6"	-64.08243375	48.4981325	324886.569876582	509890.997265977	"2006"	7.75555283688818	75.2054430626989
"8.7"	-64.0885979487179	48.7484051282051	322726.770506379	537518.766384427	"2006"	5.3171858026636	35.6409369667624
"9.1"	-64.6664007317073	46.8345875609756	291857.687428302	323272.120984389	"2006"	5.81091631784147	42.5270181321849
"9.2"	-64.74548	47.1700507317073	283890.788511935	360124.435980723	"2006"	8.22816777427066	86.8121915930067
"9.3"	-64.6624956097561	47.501352195122	288190.146874108	397146.465984739	"2006"	25.9183778818954	859.198798995431
"9.4"	-64.75479125	47.93580625	278746.181661153	444868.431379192	"2006"	5.25040378228523	34.3587661678626
"9.5"	-64.7479702564103	48.1625905128205	277936.605103154	469986.114073412	"2006"	9.15112788429964	103.912861495316
"1.1"	-60.9173561290323	46.8318080645161	576506.761688737	345716.596799721	"2007"	1.41061707397315	2.54460510321899
"1.2"	-60.7518202564103	47.1677838461538	585015.132779311	384126.153365578	"2007"	1.99879346062883	5.17219247172935
"1.3"	-60.7518171794872	47.4991305128205	581044.327850851	420658.123280453	"2007"	0.918843775807161	1.27175082488628
"1.4"	-60.7516643243243	47.8320867567568	577067.272234514	457350.99505047	"2007"	0.606650779581325	0.60359097866681
"1.5"	-60.7526330555556	48.1658583333333	572999.485433382	494107.962817711	"2007"	0.256523463117247	0.109108665636412
"10.1"	-65.248061	47.9340275	242069.540821145	442876.545197071	"2007"	68.6084746816568	6040.83509355541
"11.1"	-65.7493197435897	47.9999905128205	204495.759083768	448615.006944755	"2007"	70.8224816594076	6436.56733479776
"12.1"	-66.12838	48.0495311111111	176144.283722934	453092.182698747	"2007"	6.88033084957869	59.6645437698579
"2.1"	-61.2526164102564	46.5002064102564	554828.325564076	306449.255368057	"2007"	1.87003087976149	4.42224240573425
"2.2"	-61.2438139473684	46.832285	551767.937178606	343195.641458842	"2007"	1.16907054829939	1.72663381724086
"2.3"	-61.252303	47.16639625	547376.253565787	380013.146143648	"2007"	1.55622209392261	3.42516392699142
"2.4"	-61.2342417073171	47.4981892682927	545005.94223114	416758.667907858	"2007"	1.33066545291911	2.64527549600528
"2.5"	-61.2438780487805	47.8291019512195	540572.515011676	453178.259948557	"2007"	1.44827760959946	3.38851033831758
"2.6"	-61.249757	48.164506	536377.311145493	490105.572835156	"2007"	1.45332884203776	3.50299003969493
"3.1"	-61.7637307692308	45.8336828205128	522781.229103154	228891.006830664	"2007"	17.4405994170147	401.057093673542
"3.2"	-61.75005525	46.1677375	520342.221395964	265956.570860579	"2007"	3.45533238156554	15.5486301884712
"3.3"	-61.7483046153846	46.4992884615385	517007.009451745	302635.547333685	"2007"	5.69309619138735	40.9751255576188
"3.4"	-61.74711625	46.832917	513607.623211568	339518.89023448	"2007"	2.64247482946465	9.25343503486448
"3.5"	-61.75069	47.1599873170732	509918.766809975	375623.75670084	"2007"	2.60438345079499	8.68471202760818
"3.6"	-61.8283812195122	47.5850885365854	499677.478040302	422010.615230489	"2007"	4.24030319395979	26.8044652520756
"3.7"	-61.7473371052632	47.8309984210526	503161.171188203	449715.830809922	"2007"	6.43531869426452	64.8701696812233
"3.8"	-61.746232051282	48.1685343589744	499718.885476494	486955.508090221	"2007"	2.53785061021911	10.5959383385286
"3.9"	-61.7488010810811	48.3275886486486	497869.760815293	504476.493661616	"2007"	0.697227620599594	0.799566402857069
"4.1"	-62.24718475	45.83468	485351.413587291	225595.978590349	"2007"	7.0727829566651	68.1291135520685
"4.2"	-62.2434276923077	46.1633033333333	482452.767287601	262008.976970938	"2007"	9.18571278424151	111.238793516697
"4.3"	-62.250151025641	46.5709517948718	477985.988029402	307071.704417749	"2007"	22.1026080624566	617.059572806724
"4.4"	-62.2505841463415	46.8321714634146	475423.655106098	335957.255319153	"2007"	3.94292832335702	19.5007299879451
"4.5"	-62.2521246341463	47.1651790243902	472084.728170839	372756.753925677	"2007"	4.2675643145931	23.0602456141894
"4.6"	-62.24517	47.5011043902439	469356.688484007	409915.382459566	"2007"	24.7702820820082	836.851814423086
"4.7"	-62.2483505128205	47.8323856410256	465914.59086071	446476.524059965	"2007"	29.0774290416368	1205.53781797894
"4.8"	-62.2504902564103	48.1688097435897	462504.340291844	483595.651234126	"2007"	8.62272291340902	108.877584057151
"4.9"	-62.2470755263158	48.3859226315789	460657.842687668	507573.096047843	"2007"	0.864793830284369	1.20517666854952
"5.1"	-62.7493007692308	46.5058253846154	440477.550379991	296661.878309954	"2007"	15.9832800864623	331.007588599714
"5.2"	-62.7510334146341	46.8296082926829	437460.379930388	332481.664246332	"2007"	22.7790622442805	676.565319664378
"5.3"	-62.7504125	47.16851725	434489.329611461	369969.419551971	"2007"	21.7098310652312	596.862585505588
"5.4"	-62.7492063414634	47.4997248780488	431631.582391272	406589.877635884	"2007"	75.947855062222	7289.18887967772
"5.5"	-62.74741075	47.83225475	428806.100789692	443342.162514868	"2007"	156.057284157018	31232.3977455578
"5.6"	-62.7519592682927	48.1672929268293	425489.201159275	480316.822176966	"2007"	24.0581283678045	755.93645302758
"5.7"	-62.747265	48.4304765789474	423495.157736089	509399.680779149	"2007"	2.9561399830736	12.5566322931819
"6.1"	-63.2491402564103	46.5102930769231	402227.751240551	294213.437413658	"2007"	32.7522455721114	1372.52697747314
"6.2"	-63.2513482926829	46.8322463414634	399439.65018915	329847.976858142	"2007"	24.9203706229581	788.577985324543
"6.3"	-63.2510085365854	47.1676492682927	396738.067509929	366965.993357103	"2007"	34.8730649374293	1525.73196975365
"6.4"	-63.2500287804878	47.498067804878	394126.01073903	403517.092168064	"2007"	69.7127196644149	6151.01064274548
"6.5"	-63.248466	47.834712	391507.052326201	440741.797609754	"2007"	116.254677115968	16945.647893418
"6.6"	-63.2519595121951	48.1677836585366	388543.07675857	477527.130966415	"2007"	56.5280440400852	3977.93343009404
"6.7"	-63.2472797435897	48.4961161538462	386222.153699888	513817.841434508	"2007"	7.41974646553851	70.1658668377855
"6.8"	-63.2502525	48.70224625	384331.222462968	536562.272363894	"2007"	1.86949040497282	4.67833384697276
"7.1"	-63.7464597560976	46.8334304878049	361809.647637546	327345.59855544	"2007"	33.0329521570505	1414.39422252316
"7.2"	-63.7521	47.16577375	358936.059132761	364112.673385711	"2007"	40.7287487957252	2131.01743303635
"7.3"	-63.749593902439	47.5006512195122	356661.650815312	401182.17278995	"2007"	65.908711421907	5409.04233625492
"7.4"	-63.750308	47.833669	354159.767423131	438011.844371817	"2007"	75.9234516503204	7170.6825645695
"7.5"	-63.7489702439024	48.1676275609756	351804.534465203	474938.878470963	"2007"	66.6490829528928	5532.53008186969
"7.6"	-63.7488834146341	48.498637804878	349378.777948225	511518.254921844	"2007"	26.5630310100829	883.989886004937
"7.7"	-63.7510243589744	48.8298515384615	346789.94894362	548094.97044429	"2007"	3.46398817607922	15.391010321776
"8.1"	-64.3730758974359	46.8332743589744	314173.468348785	324368.658229168	"2007"	2.43475173090554	7.99920733579217
"8.2"	-64.25039625	47.1666125	321306.779365656	361837.14568484	"2007"	21.7078432396322	595.518579078489
"8.3"	-64.250246097561	47.500507804878	319120.314489205	398802.322525997	"2007"	62.0911247771894	4806.11960526404
"8.4"	-64.2504348717949	47.8342966666667	316910.218128317	435736.23285387	"2007"	115.086921572306	16882.89372807
"8.5"	-64.2552680487805	48.16834	314356.094123475	472661.040811167	"2007"	138.358607605603	24354.2884078615
"8.6"	-64.08243375	48.4981325	324886.569876582	509890.997265977	"2007"	67.9898647349509	5771.88427385137
"8.7"	-64.0885979487179	48.7484051282051	322726.770506379	537518.766384427	"2007"	29.5068837979093	1094.34982646045
"9.1"	-64.6664007317073	46.8345875609756	291857.687428302	323272.120984389	"2007"	3.98427814936589	21.1343682915173
"9.2"	-64.74548	47.1700507317073	283890.788511935	360124.435980723	"2007"	8.15413199726281	86.1137601737596
"9.3"	-64.6624956097561	47.501352195122	288190.146874108	397146.465984739	"2007"	53.8259334158305	3728.52466287969
"9.4"	-64.75479125	47.93580625	278746.181661153	444868.431379192	"2007"	63.0484652650674	4972.6979323701
"9.5"	-64.7479702564103	48.1625905128205	277936.605103154	469986.114073412	"2007"	246.137595823423	75254.0748997181
"1.1"	-60.9173561290323	46.8318080645161	576506.761688737	345716.596799721	"2008"	1.22509891429245	1.92192450998589
"1.2"	-60.7518202564103	47.1677838461538	585015.132779311	384126.153365578	"2008"	2.12559879554229	5.89560417488723
"1.3"	-60.7518171794872	47.4991305128205	581044.327850851	420658.123280453	"2008"	0.688523548483473	0.712136121770906
"1.4"	-60.7516643243243	47.8320867567568	577067.272234514	457350.99505047	"2008"	0.323727517140604	0.165573056407354
"1.5"	-60.7526330555556	48.1658583333333	572999.485433382	494107.962817711	"2008"	0.138689921108277	0.0307502527640022
"10.1"	-65.248061	47.9340275	242069.540821145	442876.545197071	"2008"	36.244414155325	1679.26671871407
"11.1"	-65.7493197435897	47.9999905128205	204495.759083768	448615.006944755	"2008"	83.2123473822979	8856.71446300461
"12.1"	-66.12838	48.0495311111111	176144.283722934	453092.182698747	"2008"	17.8693716347621	401.104249204172
"2.1"	-61.2526164102564	46.5002064102564	554828.325564076	306449.255368057	"2008"	0.819144392468558	0.848527080192769
"2.2"	-61.2438139473684	46.832285	551767.937178606	343195.641458842	"2008"	0.869108083430259	0.954497220626397
"2.3"	-61.252303	47.16639625	547376.253565787	380013.146143648	"2008"	1.20255055606498	1.94104396250951
"2.4"	-61.2342417073171	47.4981892682927	545005.94223114	416758.667907858	"2008"	0.948114230662726	1.23076435181419
"2.5"	-61.2438780487805	47.8291019512195	540572.515011676	453178.259948557	"2008"	0.822701782187865	0.963225376093509
"2.6"	-61.249757	48.164506	536377.311145493	490105.572835156	"2008"	0.987060031942536	1.51943503445321
"3.1"	-61.7637307692308	45.8336828205128	522781.229103154	228891.006830664	"2008"	0.815262097473199	0.840376271973358
"3.2"	-61.75005525	46.1677375	520342.221395964	265956.570860579	"2008"	0.348672103164838	0.154238788568918
"3.3"	-61.7483046153846	46.4992884615385	517007.009451745	302635.547333685	"2008"	0.927201738707619	1.08502735760228
"3.4"	-61.74711625	46.832917	513607.623211568	339518.89023448	"2008"	1.46487509036373	2.90586846190574
"3.5"	-61.75069	47.1599873170732	509918.766809975	375623.75670084	"2008"	3.14462960028764	12.4605349062408
"3.6"	-61.8283812195122	47.5850885365854	499677.478040302	422010.615230489	"2008"	5.99352319896697	46.4288685956051
"3.7"	-61.7473371052632	47.8309984210526	503161.171188203	449715.830809922	"2008"	10.4019896778869	142.400875638288
"3.8"	-61.746232051282	48.1685343589744	499718.885476494	486955.508090221	"2008"	3.19637026477373	15.2835812339175
"3.9"	-61.7488010810811	48.3275886486486	497869.760815293	504476.493661616	"2008"	0.795469926527173	0.962786195248558
"4.1"	-62.24718475	45.83468	485351.413587291	225595.978590349	"2008"	0.413367936625903	0.215394903605005
"4.2"	-62.2434276923077	46.1633033333333	482452.767287601	262008.976970938	"2008"	1.12829363550586	1.6061599653134
"4.3"	-62.250151025641	46.5709517948718	477985.988029402	307071.704417749	"2008"	5.03345186904911	31.7609501411838
"4.4"	-62.2505841463415	46.8321714634146	475423.655106098	335957.255319153	"2008"	3.34696462439838	14.0203243885093
"4.5"	-62.2521246341463	47.1651790243902	472084.728170839	372756.753925677	"2008"	8.75215562750041	95.9883404989357
"4.6"	-62.24517	47.5011043902439	469356.688484007	409915.382459566	"2008"	55.1467467948912	3880.77130604063
"4.7"	-62.2483505128205	47.8323856410256	465914.59086071	446476.524059965	"2008"	66.4930789129422	5631.69618293541
"4.8"	-62.2504902564103	48.1688097435897	462504.340291844	483595.651234126	"2008"	14.5087234505574	278.499789619856
"4.9"	-62.2470755263158	48.3859226315789	460657.842687668	507573.096047843	"2008"	1.22910369030039	2.22113718740373
"5.1"	-62.7493007692308	46.5058253846154	440477.550379991	296661.878309954	"2008"	5.53085159270987	39.3851244005132
"5.2"	-62.7510334146341	46.8296082926829	437460.379930388	332481.664246332	"2008"	18.8509375152043	452.173253278931
"5.3"	-62.7504125	47.16851725	434489.329611461	369969.419551971	"2008"	60.5695071528477	4600.07015700055
"5.4"	-62.7492063414634	47.4997248780488	431631.582391272	406589.877635884	"2008"	101.507635863416	12862.5911178101
"5.5"	-62.74741075	47.83225475	428806.100789692	443342.162514868	"2008"	245.029385319735	75291.9357273795
"5.6"	-62.7519592682927	48.1672929268293	425489.201159275	480316.822176966	"2008"	38.5362128536497	1883.91645712339
"5.7"	-62.747265	48.4304765789474	423495.157736089	509399.680779149	"2008"	4.56963910233437	28.0595173176749
"6.1"	-63.2491402564103	46.5102930769231	402227.751240551	294213.437413658	"2008"	12.0723702402928	181.828369888135
"6.2"	-63.2513482926829	46.8322463414634	399439.65018915	329847.976858142	"2008"	18.8293994548085	442.437796799127
"6.3"	-63.2510085365854	47.1676492682927	396738.067509929	366965.993357103	"2008"	68.7884645721576	5888.70925604622
"6.4"	-63.2500287804878	47.498067804878	394126.01073903	403517.092168064	"2008"	120.901045117292	18300.9016234431
"6.5"	-63.248466	47.834712	391507.052326201	440741.797609754	"2008"	203.630937637393	51699.8572291749
"6.6"	-63.2519595121951	48.1677836585366	388543.07675857	477527.130966415	"2008"	88.873196209327	9813.73740901518
"6.7"	-63.2472797435897	48.4961161538462	386222.153699888	513817.841434508	"2008"	7.62778579269798	74.0108281728637
"6.8"	-63.2502525	48.70224625	384331.222462968	536562.272363894	"2008"	1.57202342480511	3.29482370927665
"7.1"	-63.7464597560976	46.8334304878049	361809.647637546	327345.59855544	"2008"	38.9754035289485	1944.43996712767
"7.2"	-63.7521	47.16577375	358936.059132761	364112.673385711	"2008"	79.0572016142054	7958.8826848227
"7.3"	-63.749593902439	47.5006512195122	356661.650815312	401182.17278995	"2008"	140.039255275814	24312.9019560845
"7.4"	-63.750308	47.833669	354159.767423131	438011.844371817	"2008"	189.607039229872	44613.9639927248
"7.5"	-63.7489702439024	48.1676275609756	351804.534465203	474938.878470963	"2008"	68.1440590761531	5777.31199944196
"7.6"	-63.7488834146341	48.498637804878	349378.777948225	511518.254921844	"2008"	6.52637883771855	53.427096860081
"7.7"	-63.7510243589744	48.8298515384615	346789.94894362	548094.97044429	"2008"	0.422843733301131	0.229980716800152
"8.1"	-64.3730758974359	46.8332743589744	314173.468348785	324368.658229168	"2008"	9.62576796284841	116.121050819596
"8.2"	-64.25039625	47.1666125	321306.779365656	361837.14568484	"2008"	62.2189756951962	4811.91339983161
"8.3"	-64.250246097561	47.500507804878	319120.314489205	398802.322525997	"2008"	145.540216140572	26260.8109229926
"8.4"	-64.2504348717949	47.8342966666667	316910.218128317	435736.23285387	"2008"	209.172301458311	55554.7488062902
"8.5"	-64.2552680487805	48.16834	314356.094123475	472661.040811167	"2008"	77.5959427521777	7645.70283041507
"8.6"	-64.08243375	48.4981325	324886.569876582	509890.997265977	"2008"	9.12641154590714	104.030735001639
"8.7"	-64.0885979487179	48.7484051282051	322726.770506379	537518.766384427	"2008"	2.28292684085189	6.56082391453651
"9.1"	-64.6664007317073	46.8345875609756	291857.687428302	323272.120984389	"2008"	34.7922711861966	1516.68919590884
"9.2"	-64.74548	47.1700507317073	283890.788511935	360124.435980723	"2008"	44.7748147421439	2564.9498319595
"9.3"	-64.6624956097561	47.501352195122	288190.146874108	397146.465984739	"2008"	132.838105390398	22530.9695040155
"9.4"	-64.75479125	47.93580625	278746.181661153	444868.431379192	"2008"	48.062544301555	2876.85309913192
"9.5"	-64.7479702564103	48.1625905128205	277936.605103154	469986.114073412	"2008"	109.500284261797	14874.6026773987
"1.1"	-60.9173561290323	46.8318080645161	576506.761688737	345716.596799721	"2009"	1.67820175497732	3.6745341421263
"1.2"	-60.7518202564103	47.1677838461538	585015.132779311	384126.153365578	"2009"	1.64484322386507	3.53487942489817
"1.3"	-60.7518171794872	47.4991305128205	581044.327850851	420658.123280453	"2009"	0.735121186307315	0.835244529278938
"1.4"	-60.7516643243243	47.8320867567568	577067.272234514	457350.99505047	"2009"	0.56716568886829	0.52555056517049
"1.5"	-60.7526330555556	48.1658583333333	572999.485433382	494107.962817711	"2009"	0.210615787619106	0.0722284631612662
"10.1"	-65.248061	47.9340275	242069.540821145	442876.545197071	"2009"	12.0844978161712	186.99265260249
"11.1"	-65.7493197435897	47.9999905128205	204495.759083768	448615.006944755	"2009"	16.7485105811652	359.258592325071
"12.1"	-66.12838	48.0495311111111	176144.283722934	453092.182698747	"2009"	2.19095841960752	6.03440167922346
"2.1"	-61.2526164102564	46.5002064102564	554828.325564076	306449.255368057	"2009"	1.5908408930633	3.30850316422525
"2.2"	-61.2438139473684	46.832285	551767.937178606	343195.641458842	"2009"	1.41630587386684	2.54118817867048
"2.3"	-61.252303	47.16639625	547376.253565787	380013.146143648	"2009"	1.0623537215464	1.48002355802803
"2.4"	-61.2342417073171	47.4981892682927	545005.94223114	416758.667907858	"2009"	1.03122569722368	1.40647614064252
"2.5"	-61.2438780487805	47.8291019512195	540572.515011676	453178.259948557	"2009"	2.36096696481532	8.02651701891468
"2.6"	-61.249757	48.164506	536377.311145493	490105.572835156	"2009"	1.38723209701034	2.92232022131016
"3.1"	-61.7637307692308	45.8336828205128	522781.229103154	228891.006830664	"2009"	1.64670531060307	3.47079594631607
"3.2"	-61.75005525	46.1677375	520342.221395964	265956.570860579	"2009"	0.799901355981002	0.824971901415556
"3.3"	-61.7483046153846	46.4992884615385	517007.009451745	302635.547333685	"2009"	1.52724724351981	2.95262666249518
"3.4"	-61.74711625	46.832917	513607.623211568	339518.89023448	"2009"	1.25277232260268	2.03661817156027
"3.5"	-61.75069	47.1599873170732	509918.766809975	375623.75670084	"2009"	1.44747473924493	2.609466593731
"3.6"	-61.8283812195122	47.5850885365854	499677.478040302	422010.615230489	"2009"	5.38708924610648	36.782780867152
"3.7"	-61.7473371052632	47.8309984210526	503161.171188203	449715.830809922	"2009"	24.9662304212854	799.996946758832
"3.8"	-61.746232051282	48.1685343589744	499718.885476494	486955.508090221	"2009"	1.89042174169013	4.80756150036751
"3.9"	-61.7488010810811	48.3275886486486	497869.760815293	504476.493661616	"2009"	0.258156111739843	0.0903464595089489
"4.1"	-62.24718475	45.83468	485351.413587291	225595.978590349	"2009"	0.538512097739193	0.366678451426027
"4.2"	-62.2434276923077	46.1633033333333	482452.767287601	262008.976970938	"2009"	1.72283914614496	3.75157566480779
"4.3"	-62.250151025641	46.5709517948718	477985.988029402	307071.704417749	"2009"	4.70971712276125	27.6943883795794
"4.4"	-62.2505841463415	46.8321714634146	475423.655106098	335957.255319153	"2009"	1.83972820835068	4.20796163464415
"4.5"	-62.2521246341463	47.1651790243902	472084.728170839	372756.753925677	"2009"	2.87769262969101	10.2984111946456
"4.6"	-62.24517	47.5011043902439	469356.688484007	409915.382459566	"2009"	15.8030583979718	314.530008026857
"4.7"	-62.2483505128205	47.8323856410256	465914.59086071	446476.524059965	"2009"	21.1660424300034	562.957023070096
"4.8"	-62.2504902564103	48.1688097435897	462504.340291844	483595.651234126	"2009"	3.480714034059	15.3786596521798
"4.9"	-62.2470755263158	48.3859226315789	460657.842687668	507573.096047843	"2009"	0.226249864869271	0.0687698610431232
"5.1"	-62.7493007692308	46.5058253846154	440477.550379991	296661.878309954	"2009"	2.20307121243949	6.23774025221915
"5.2"	-62.7510334146341	46.8296082926829	437460.379930388	332481.664246332	"2009"	5.2998715342726	35.4303680420594
"5.3"	-62.7504125	47.16851725	434489.329611461	369969.419551971	"2009"	7.76255412476897	75.2013638189327
"5.4"	-62.7492063414634	47.4997248780488	431631.582391272	406589.877635884	"2009"	18.3644025565142	419.82150950222
"5.5"	-62.74741075	47.83225475	428806.100789692	443342.162514868	"2009"	33.1409181911318	1372.0560610991
"5.6"	-62.7519592682927	48.1672929268293	425489.201159275	480316.822176966	"2009"	7.038623270723	62.3423389015341
"5.7"	-62.747265	48.4304765789474	423495.157736089	509399.680779149	"2009"	0.811636527207541	0.861292698586407
"6.1"	-63.2491402564103	46.5102930769231	402227.751240551	294213.437413658	"2009"	3.47008521572374	15.0036507739817
"6.2"	-63.2513482926829	46.8322463414634	399439.65018915	329847.976858142	"2009"	4.53451605087297	25.6192912481249
"6.3"	-63.2510085365854	47.1676492682927	396738.067509929	366965.993357103	"2009"	15.1817971708937	286.557595500382
"6.4"	-63.2500287804878	47.498067804878	394126.01073903	403517.092168064	"2009"	31.2877971188872	1224.86500321479
"6.5"	-63.248466	47.834712	391507.052326201	440741.797609754	"2009"	23.8271360310018	708.35787714767
"6.6"	-63.2519595121951	48.1677836585366	388543.07675857	477527.130966415	"2009"	15.2296139255314	288.689089519724
"6.7"	-63.2472797435897	48.4961161538462	386222.153699888	513817.841434508	"2009"	4.50044855659161	25.9584455424457
"6.8"	-63.2502525	48.70224625	384331.222462968	536562.272363894	"2009"	1.09535288506952	1.6050181910579
"7.1"	-63.7464597560976	46.8334304878049	361809.647637546	327345.59855544	"2009"	16.3933591010401	343.856981100674
"7.2"	-63.7521	47.16577375	358936.059132761	364112.673385711	"2009"	29.9845038865953	1144.94708557394
"7.3"	-63.749593902439	47.5006512195122	356661.650815312	401182.17278995	"2009"	53.7794043640739	3587.4038090007
"7.4"	-63.750308	47.833669	354159.767423131	438011.844371817	"2009"	55.1218555663537	3776.36998076467
"7.5"	-63.7489702439024	48.1676275609756	351804.534465203	474938.878470963	"2009"	49.4852169522335	3060.30968627736
"7.6"	-63.7488834146341	48.498637804878	349378.777948225	511518.254921844	"2009"	38.0535917904658	1832.26881681452
"7.7"	-63.7510243589744	48.8298515384615	346789.94894362	548094.97044429	"2009"	2.0411282082291	5.40484950296453
"8.1"	-64.3730758974359	46.8332743589744	314173.468348785	324368.658229168	"2009"	9.53804173742295	114.041829554311
"8.2"	-64.25039625	47.1666125	321306.779365656	361837.14568484	"2009"	38.4867707505364	1841.99903384567
"8.3"	-64.250246097561	47.500507804878	319120.314489205	398802.322525997	"2009"	86.672048798275	9320.22346891076
"8.4"	-64.2504348717949	47.8342966666667	316910.218128317	435736.23285387	"2009"	137.814802438425	24167.2611876133
"8.5"	-64.2552680487805	48.16834	314356.094123475	472661.040811167	"2009"	71.0830463580225	6435.57415536155
"8.6"	-64.08243375	48.4981325	324886.569876582	509890.997265977	"2009"	51.4890989525257	3335.50904810484
"8.7"	-64.0885979487179	48.7484051282051	322726.770506379	537518.766384427	"2009"	17.1458137809135	373.295111604477
"9.1"	-64.6664007317073	46.8345875609756	291857.687428302	323272.120984389	"2009"	34.5851579365135	1499.35533581616
"9.2"	-64.74548	47.1700507317073	283890.788511935	360124.435980723	"2009"	41.0390298018722	2156.43822020995
"9.3"	-64.6624956097561	47.501352195122	288190.146874108	397146.465984739	"2009"	123.719779698055	19569.3751410841
"9.4"	-64.75479125	47.93580625	278746.181661153	444868.431379192	"2009"	24.2122963626762	731.977710533243
"9.5"	-64.7479702564103	48.1625905128205	277936.605103154	469986.114073412	"2009"	41.07694431561	2097.31057957471
"1.1"	-60.9173561290323	46.8318080645161	576506.761688737	345716.596799721	"2010"	1.50756902922204	2.94171651605481
"1.2"	-60.7518202564103	47.1677838461538	585015.132779311	384126.153365578	"2010"	1.7155169368546	4.02866567753694
"1.3"	-60.7518171794872	47.4991305128205	581044.327850851	420658.123280453	"2010"	0.635148936752853	0.665766599751775
"1.4"	-60.7516643243243	47.8320867567568	577067.272234514	457350.99505047	"2010"	0.338555259918614	0.193513490928905
"1.5"	-60.7526330555556	48.1658583333333	572999.485433382	494107.962817711	"2010"	0.121487178847765	0.0249136379763746
"10.1"	-65.248061	47.9340275	242069.540821145	442876.545197071	"2010"	9.3456434126913	112.012936337819
"11.1"	-65.7493197435897	47.9999905128205	204495.759083768	448615.006944755	"2010"	24.6560814827311	779.275487811135
"12.1"	-66.12838	48.0495311111111	176144.283722934	453092.182698747	"2010"	3.98507863896492	19.9745644751037
"2.1"	-61.2526164102564	46.5002064102564	554828.325564076	306449.255368057	"2010"	1.00825663249781	1.27843814278741
"2.2"	-61.2438139473684	46.832285	551767.937178606	343195.641458842	"2010"	1.2470701162974	1.97872463740101
"2.3"	-61.252303	47.16639625	547376.253565787	380013.146143648	"2010"	1.31508940294887	2.62012316675706
"2.4"	-61.2342417073171	47.4981892682927	545005.94223114	416758.667907858	"2010"	0.843363584121506	1.1423122439341
"2.5"	-61.2438780487805	47.8291019512195	540572.515011676	453178.259948557	"2010"	0.717874019417661	0.860274768461546
"2.6"	-61.249757	48.164506	536377.311145493	490105.572835156	"2010"	0.574589521020153	0.557167676651601
"3.1"	-61.7637307692308	45.8336828205128	522781.229103154	228891.006830664	"2010"	2.44861617623758	7.54158273485474
"3.2"	-61.75005525	46.1677375	520342.221395964	265956.570860579	"2010"	1.10736366518739	1.54309404751535
"3.3"	-61.7483046153846	46.4992884615385	517007.009451745	302635.547333685	"2010"	1.89816705282507	4.51123477138867
"3.4"	-61.74711625	46.832917	513607.623211568	339518.89023448	"2010"	1.05170194131213	1.4838636995918
"3.5"	-61.75069	47.1599873170732	509918.766809975	375623.75670084	"2010"	1.63318175570811	3.57702078492156
"3.6"	-61.8283812195122	47.5850885365854	499677.478040302	422010.615230489	"2010"	2.46040180152191	9.51827066176419
"3.7"	-61.7473371052632	47.8309984210526	503161.171188203	449715.830809922	"2010"	2.62673597427516	11.2708302166227
"3.8"	-61.746232051282	48.1685343589744	499718.885476494	486955.508090221	"2010"	0.740040885022168	0.923622141695796
"3.9"	-61.7488010810811	48.3275886486486	497869.760815293	504476.493661616	"2010"	0.193223438155362	0.0629785192896968
"4.1"	-62.24718475	45.83468	485351.413587291	225595.978590349	"2010"	1.83041852274207	4.20673575764416
"4.2"	-62.2434276923077	46.1633033333333	482452.767287601	262008.976970938	"2010"	6.73742552754401	56.9470348643472
"4.3"	-62.250151025641	46.5709517948718	477985.988029402	307071.704417749	"2010"	9.53075668839833	113.339711667502
"4.4"	-62.2505841463415	46.8321714634146	475423.655106098	335957.255319153	"2010"	1.4201303946343	2.52278980794847
"4.5"	-62.2521246341463	47.1651790243902	472084.728170839	372756.753925677	"2010"	1.56416973934289	3.13596586385717
"4.6"	-62.24517	47.5011043902439	469356.688484007	409915.382459566	"2010"	12.1068620511503	209.285998759728
"4.7"	-62.2483505128205	47.8323856410256	465914.59086071	446476.524059965	"2010"	6.4968181939107	64.8183706764063
"4.8"	-62.2504902564103	48.1688097435897	462504.340291844	483595.651234126	"2010"	1.33326158970274	2.89751183357979
"4.9"	-62.2470755263158	48.3859226315789	460657.842687668	507573.096047843	"2010"	0.144432843697785	0.0352348697586691
"5.1"	-62.7493007692308	46.5058253846154	440477.550379991	296661.878309954	"2010"	8.86240583130812	100.976372256815
"5.2"	-62.7510334146341	46.8296082926829	437460.379930388	332481.664246332	"2010"	4.28966507474577	23.4760244316488
"5.3"	-62.7504125	47.16851725	434489.329611461	369969.419551971	"2010"	2.6645610370366	9.0143496268323
"5.4"	-62.7492063414634	47.4997248780488	431631.582391272	406589.877635884	"2010"	5.25743872778051	35.6097154356646
"5.5"	-62.74741075	47.83225475	428806.100789692	443342.162514868	"2010"	10.8923316618996	163.537807732431
"5.6"	-62.7519592682927	48.1672929268293	425489.201159275	480316.822176966	"2010"	1.36996121997553	2.80622312890818
"5.7"	-62.747265	48.4304765789474	423495.157736089	509399.680779149	"2010"	0.293905839780015	0.142285927667754
"6.1"	-63.2491402564103	46.5102930769231	402227.751240551	294213.437413658	"2010"	18.7772315800511	439.711120876535
"6.2"	-63.2513482926829	46.8322463414634	399439.65018915	329847.976858142	"2010"	5.74294211545531	41.2217745122753
"6.3"	-63.2510085365854	47.1676492682927	396738.067509929	366965.993357103	"2010"	3.92925609662408	19.3248513076068
"6.4"	-63.2500287804878	47.498067804878	394126.01073903	403517.092168064	"2010"	4.33123948322018	24.3202094755778
"6.5"	-63.248466	47.834712	391507.052326201	440741.797609754	"2010"	4.4604053866974	26.9153425521852
"6.6"	-63.2519595121951	48.1677836585366	388543.07675857	477527.130966415	"2010"	2.34601948173935	7.47354858857522
"6.7"	-63.2472797435897	48.4961161538462	386222.153699888	513817.841434508	"2010"	0.79045700833696	0.962245858061564
"6.8"	-63.2502525	48.70224625	384331.222462968	536562.272363894	"2010"	0.428661473881386	0.299710972200041
"7.1"	-63.7464597560976	46.8334304878049	361809.647637546	327345.59855544	"2010"	22.22498217082	633.371941579525
"7.2"	-63.7521	47.16577375	358936.059132761	364112.673385711	"2010"	12.3119008838936	193.819656009819
"7.3"	-63.749593902439	47.5006512195122	356661.650815312	401182.17278995	"2010"	11.2755561402227	158.847801492241
"7.4"	-63.750308	47.833669	354159.767423131	438011.844371817	"2010"	4.63515780207806	27.2043878330249
"7.5"	-63.7489702439024	48.1676275609756	351804.534465203	474938.878470963	"2010"	3.82834562710513	18.9797358281589
"7.6"	-63.7488834146341	48.498637804878	349378.777948225	511518.254921844	"2010"	2.89890280857602	11.4541238723552
"7.7"	-63.7510243589744	48.8298515384615	346789.94894362	548094.97044429	"2010"	0.688944504050095	0.714643805219026
"8.1"	-64.3730758974359	46.8332743589744	314173.468348785	324368.658229168	"2010"	9.43017719380273	111.712097298468
"8.2"	-64.25039625	47.1666125	321306.779365656	361837.14568484	"2010"	22.7657945083981	646.071549059277
"8.3"	-64.250246097561	47.500507804878	319120.314489205	398802.322525997	"2010"	20.6359853091597	530.043323748191
"8.4"	-64.2504348717949	47.8342966666667	316910.218128317	435736.23285387	"2010"	11.8953060957881	180.994467399739
"8.5"	-64.2552680487805	48.16834	314356.094123475	472661.040811167	"2010"	14.5447928414036	270.824685433754
"8.6"	-64.08243375	48.4981325	324886.569876582	509890.997265977	"2010"	12.1845131423765	191.935001747094
"8.7"	-64.0885979487179	48.7484051282051	322726.770506379	537518.766384427	"2010"	5.25210461996224	36.8191256839042
"9.1"	-64.6664007317073	46.8345875609756	291857.687428302	323272.120984389	"2010"	22.2516592673352	621.594048865245
"9.2"	-64.74548	47.1700507317073	283890.788511935	360124.435980723	"2010"	20.4145260337347	534.597942809222
"9.3"	-64.6624956097561	47.501352195122	288190.146874108	397146.465984739	"2010"	30.656706781897	1204.89628809743
"9.4"	-64.75479125	47.93580625	278746.181661153	444868.431379192	"2010"	8.16053343301744	83.450891262831
"9.5"	-64.7479702564103	48.1625905128205	277936.605103154	469986.114073412	"2010"	36.1137824106967	1624.09139439439
"1.1"	-60.9173561290323	46.8318080645161	576506.761688737	345716.596799721	"2011"	0.594891403240882	0.527694377165026
"1.2"	-60.7518202564103	47.1677838461538	585015.132779311	384126.153365578	"2011"	0.884793631024794	1.21429200050612
"1.3"	-60.7518171794872	47.4991305128205	581044.327850851	420658.123280453	"2011"	0.290212572232156	0.14141368427541
"1.4"	-60.7516643243243	47.8320867567568	577067.272234514	457350.99505047	"2011"	0.148699637620076	0.0373427962942011
"1.5"	-60.7526330555556	48.1658583333333	572999.485433382	494107.962817711	"2011"	0.0579318455901674	0.00562692705111168
"10.1"	-65.248061	47.9340275	242069.540821145	442876.545197071	"2011"	7.39191140897556	69.8433295783034
"11.1"	-65.7493197435897	47.9999905128205	204495.759083768	448615.006944755	"2011"	15.6001980389008	311.205803711915
"12.1"	-66.12838	48.0495311111111	176144.283722934	453092.182698747	"2011"	2.43057520670236	7.408833236158
"2.1"	-61.2526164102564	46.5002064102564	554828.325564076	306449.255368057	"2011"	0.373730161176414	0.184715576642475
"2.2"	-61.2438139473684	46.832285	551767.937178606	343195.641458842	"2011"	0.327508706343679	0.146287925954491
"2.3"	-61.252303	47.16639625	547376.253565787	380013.146143648	"2011"	0.234483344507225	0.0834356378298116
"2.4"	-61.2342417073171	47.4981892682927	545005.94223114	416758.667907858	"2011"	0.166637060952021	0.0438834307377808
"2.5"	-61.2438780487805	47.8291019512195	540572.515011676	453178.259948557	"2011"	0.170989273957266	0.0479210678580345
"2.6"	-61.249757	48.164506	536377.311145493	490105.572835156	"2011"	0.183080840579875	0.055367060813583
"3.1"	-61.7637307692308	45.8336828205128	522781.229103154	228891.006830664	"2011"	1.32210386629468	2.22063839344098
"3.2"	-61.75005525	46.1677375	520342.221395964	265956.570860579	"2011"	0.507716488599159	0.330193325422575
"3.3"	-61.7483046153846	46.4992884615385	517007.009451745	302635.547333685	"2011"	0.928944542432745	1.09454176314822
"3.4"	-61.74711625	46.832917	513607.623211568	339518.89023448	"2011"	0.403851308253421	0.222099057177392
"3.5"	-61.75069	47.1599873170732	509918.766809975	375623.75670084	"2011"	0.245033099740041	0.0774739473694032
"3.6"	-61.8283812195122	47.5850885365854	499677.478040302	422010.615230489	"2011"	0.211507426516426	0.0666682610409546
"3.7"	-61.7473371052632	47.8309984210526	503161.171188203	449715.830809922	"2011"	0.325670063939857	0.164893279828686
"3.8"	-61.746232051282	48.1685343589744	499718.885476494	486955.508090221	"2011"	0.13534431426621	0.0294587612657698
"3.9"	-61.7488010810811	48.3275886486486	497869.760815293	504476.493661616	"2011"	0.0541171692044915	0.00475450375432606
"4.1"	-62.24718475	45.83468	485351.413587291	225595.978590349	"2011"	0.93947862077216	1.1113725314719
"4.2"	-62.2434276923077	46.1633033333333	482452.767287601	262008.976970938	"2011"	2.35285962865832	6.97258016054179
"4.3"	-62.250151025641	46.5709517948718	477985.988029402	307071.704417749	"2011"	7.30913790331198	66.7181527387331
"4.4"	-62.2505841463415	46.8321714634146	475423.655106098	335957.255319153	"2011"	0.798189835068642	0.794791607793098
"4.5"	-62.2521246341463	47.1651790243902	472084.728170839	372756.753925677	"2011"	0.38128111169974	0.1832698073118
"4.6"	-62.24517	47.5011043902439	469356.688484007	409915.382459566	"2011"	0.698240754470581	0.661781257944817
"4.7"	-62.2483505128205	47.8323856410256	465914.59086071	446476.524059965	"2011"	0.454100215060368	0.296998981785949
"4.8"	-62.2504902564103	48.1688097435897	462504.340291844	483595.651234126	"2011"	0.232231015431824	0.0822624991551435
"4.9"	-62.2470755263158	48.3859226315789	460657.842687668	507573.096047843	"2011"	0.0441108360727374	0.00319091320688106
"5.1"	-62.7493007692308	46.5058253846154	440477.550379991	296661.878309954	"2011"	4.88172318891045	30.6130143982988
"5.2"	-62.7510334146341	46.8296082926829	437460.379930388	332481.664246332	"2011"	2.9169986591729	10.7742955345493
"5.3"	-62.7504125	47.16851725	434489.329611461	369969.419551971	"2011"	1.0740872134772	1.44895580838582
"5.4"	-62.7492063414634	47.4997248780488	431631.582391272	406589.877635884	"2011"	0.653821204719247	0.538477011978333
"5.5"	-62.74741075	47.83225475	428806.100789692	443342.162514868	"2011"	0.781173107303373	0.786463141714731
"5.6"	-62.7519592682927	48.1672929268293	425489.201159275	480316.822176966	"2011"	0.297301233917757	0.118391149773761
"5.7"	-62.747265	48.4304765789474	423495.157736089	509399.680779149	"2011"	0.132297153138991	0.0264655190680069
"6.1"	-63.2491402564103	46.5102930769231	402227.751240551	294213.437413658	"2011"	12.5453638930138	195.919306368699
"6.2"	-63.2513482926829	46.8322463414634	399439.65018915	329847.976858142	"2011"	5.21365635603259	33.8611167163053
"6.3"	-63.2510085365854	47.1676492682927	396738.067509929	366965.993357103	"2011"	2.78073980413429	9.62034215405899
"6.4"	-63.2500287804878	47.498067804878	394126.01073903	403517.092168064	"2011"	1.35384161710485	2.30203547360136
"6.5"	-63.248466	47.834712	391507.052326201	440741.797609754	"2011"	1.35365411553999	2.29612741492241
"6.6"	-63.2519595121951	48.1677836585366	388543.07675857	477527.130966415	"2011"	1.37569309544007	2.36424316008697
"6.7"	-63.2472797435897	48.4961161538462	386222.153699888	513817.841434508	"2011"	0.8159581230911	0.877037673709099
"6.8"	-63.2502525	48.70224625	384331.222462968	536562.272363894	"2011"	0.622960800758132	0.567598144564545
"7.1"	-63.7464597560976	46.8334304878049	361809.647637546	327345.59855544	"2011"	14.8965571623679	283.766972406405
"7.2"	-63.7521	47.16577375	358936.059132761	364112.673385711	"2011"	8.93307411266743	101.593029535928
"7.3"	-63.749593902439	47.5006512195122	356661.650815312	401182.17278995	"2011"	7.14053327789583	63.2107596834604
"7.4"	-63.750308	47.833669	354159.767423131	438011.844371817	"2011"	12.3041659912203	187.964143923473
"7.5"	-63.7489702439024	48.1676275609756	351804.534465203	474938.878470963	"2011"	8.14472327304139	82.6907813495681
"7.6"	-63.7488834146341	48.498637804878	349378.777948225	511518.254921844	"2011"	5.57805210383811	39.3123969879548
"7.7"	-63.7510243589744	48.8298515384615	346789.94894362	548094.97044429	"2011"	1.96711685783472	5.10728769106847
"8.1"	-64.3730758974359	46.8332743589744	314173.468348785	324368.658229168	"2011"	3.2572834498192	13.2771579374998
"8.2"	-64.25039625	47.1666125	321306.779365656	361837.14568484	"2011"	32.80467591188	1336.87727623204
"8.3"	-64.250246097561	47.500507804878	319120.314489205	398802.322525997	"2011"	57.5730445606483	4108.40377345469
"8.4"	-64.2504348717949	47.8342966666667	316910.218128317	435736.23285387	"2011"	32.6725735052228	1356.2332748553
"8.5"	-64.2552680487805	48.16834	314356.094123475	472661.040811167	"2011"	14.7025554554263	274.7959757249
"8.6"	-64.08243375	48.4981325	324886.569876582	509890.997265977	"2011"	10.9107414555366	149.049588875207
"8.7"	-64.0885979487179	48.7484051282051	322726.770506379	537518.766384427	"2011"	8.90800501054027	100.467396215553
"9.1"	-64.6664007317073	46.8345875609756	291857.687428302	323272.120984389	"2011"	9.67771507741388	117.197393402536
"9.2"	-64.74548	47.1700507317073	283890.788511935	360124.435980723	"2011"	39.7206859375725	2017.65612739006
"9.3"	-64.6624956097561	47.501352195122	288190.146874108	397146.465984739	"2011"	145.763772900629	27125.185764219
"9.4"	-64.75479125	47.93580625	278746.181661153	444868.431379192	"2011"	8.56603572050692	91.353822745943
"9.5"	-64.7479702564103	48.1625905128205	277936.605103154	469986.114073412	"2011"	14.4587819787567	259.299748951303
"1.1"	-60.9173561290323	46.8318080645161	576506.761688737	345716.596799721	"2012"	5.72509976590197	43.2949095715631
"1.2"	-60.7518202564103	47.1677838461538	585015.132779311	384126.153365578	"2012"	4.08921059850855	23.473505059776
"1.3"	-60.7518171794872	47.4991305128205	581044.327850851	420658.123280453	"2012"	0.5022969656973	0.408673134509464
"1.4"	-60.7516643243243	47.8320867567568	577067.272234514	457350.99505047	"2012"	0.117631289196074	0.0227900320398154
"1.5"	-60.7526330555556	48.1658583333333	572999.485433382	494107.962817711	"2012"	0.0358126696143041	0.00211178573437195
"10.1"	-65.248061	47.9340275	242069.540821145	442876.545197071	"2012"	3.69793375495442	17.7908692001057
"11.1"	-65.7493197435897	47.9999905128205	204495.759083768	448615.006944755	"2012"	12.3906890737092	198.882031784066
"12.1"	-66.12838	48.0495311111111	176144.283722934	453092.182698747	"2012"	3.02922816942556	11.7302810177485
"2.1"	-61.2526164102564	46.5002064102564	554828.325564076	306449.255368057	"2012"	2.89122794836005	10.6783104198161
"2.2"	-61.2438139473684	46.832285	551767.937178606	343195.641458842	"2012"	1.4431525204503	2.67040070474368
"2.3"	-61.252303	47.16639625	547376.253565787	380013.146143648	"2012"	0.715872909785277	0.724750239252769
"2.4"	-61.2342417073171	47.4981892682927	545005.94223114	416758.667907858	"2012"	0.292420298016433	0.123487539802111
"2.5"	-61.2438780487805	47.8291019512195	540572.515011676	453178.259948557	"2012"	0.113294838898084	0.0191413261885572
"2.6"	-61.249757	48.164506	536377.311145493	490105.572835156	"2012"	0.115864084625511	0.0216690270647758
"3.1"	-61.7637307692308	45.8336828205128	522781.229103154	228891.006830664	"2012"	14.173671240944	254.840656339462
"3.2"	-61.75005525	46.1677375	520342.221395964	265956.570860579	"2012"	2.7609164688353	9.8147745222046
"3.3"	-61.7483046153846	46.4992884615385	517007.009451745	302635.547333685	"2012"	1.46163654136681	2.73998865797073
"3.4"	-61.74711625	46.832917	513607.623211568	339518.89023448	"2012"	0.467337504743148	0.31238369157483
"3.5"	-61.75069	47.1599873170732	509918.766809975	375623.75670084	"2012"	0.46351964738064	0.279031630275411
"3.6"	-61.8283812195122	47.5850885365854	499677.478040302	422010.615230489	"2012"	0.514743101747578	0.373364322267019
"3.7"	-61.7473371052632	47.8309984210526	503161.171188203	449715.830809922	"2012"	0.367464905881853	0.194008193721204
"3.8"	-61.746232051282	48.1685343589744	499718.885476494	486955.508090221	"2012"	0.1650395994267	0.0442793734510314
"3.9"	-61.7488010810811	48.3275886486486	497869.760815293	504476.493661616	"2012"	0.0602423930441089	0.00595160852416554
"4.1"	-62.24718475	45.83468	485351.413587291	225595.978590349	"2012"	9.14007627036543	106.051362021171
"4.2"	-62.2434276923077	46.1633033333333	482452.767287601	262008.976970938	"2012"	6.22931484544771	50.3328884436873
"4.3"	-62.250151025641	46.5709517948718	477985.988029402	307071.704417749	"2012"	1.60045378025731	3.33666334369253
"4.4"	-62.2505841463415	46.8321714634146	475423.655106098	335957.255319153	"2012"	0.219107719485073	0.0627211220274218
"4.5"	-62.2521246341463	47.1651790243902	472084.728170839	372756.753925677	"2012"	0.251074640390671	0.0847796675045165
"4.6"	-62.24517	47.5011043902439	469356.688484007	409915.382459566	"2012"	1.55300588882192	3.6837151043052
"4.7"	-62.2483505128205	47.8323856410256	465914.59086071	446476.524059965	"2012"	1.11526718565923	1.9313242050151
"4.8"	-62.2504902564103	48.1688097435897	462504.340291844	483595.651234126	"2012"	0.478978801995877	0.368640508739316
"4.9"	-62.2470755263158	48.3859226315789	460657.842687668	507573.096047843	"2012"	0.0813227690279567	0.0110251317585568
"5.1"	-62.7493007692308	46.5058253846154	440477.550379991	296661.878309954	"2012"	1.31104845056029	2.24378958605551
"5.2"	-62.7510334146341	46.8296082926829	437460.379930388	332481.664246332	"2012"	0.489849566631976	0.365693991499233
"5.3"	-62.7504125	47.16851725	434489.329611461	369969.419551971	"2012"	0.326291535731807	0.15669512655065
"5.4"	-62.7492063414634	47.4997248780488	431631.582391272	406589.877635884	"2012"	0.972404651458604	1.4589130511211
"5.5"	-62.74741075	47.83225475	428806.100789692	443342.162514868	"2012"	2.53358451825726	10.1750277140737
"5.6"	-62.7519592682927	48.1672929268293	425489.201159275	480316.822176966	"2012"	0.934225344524624	1.35654967523375
"5.7"	-62.747265	48.4304765789474	423495.157736089	509399.680779149	"2012"	0.300791381773787	0.143126270018665
"6.1"	-63.2491402564103	46.5102930769231	402227.751240551	294213.437413658	"2012"	3.29757551443125	14.7335650122961
"6.2"	-63.2513482926829	46.8322463414634	399439.65018915	329847.976858142	"2012"	0.913945106433562	1.23560596969005
"6.3"	-63.2510085365854	47.1676492682927	396738.067509929	366965.993357103	"2012"	0.626735762776654	0.600888131357474
"6.4"	-63.2500287804878	47.498067804878	394126.01073903	403517.092168064	"2012"	1.08218894656032	1.91465757338645
"6.5"	-63.248466	47.834712	391507.052326201	440741.797609754	"2012"	2.00885643786016	6.30901205100215
"6.6"	-63.2519595121951	48.1677836585366	388543.07675857	477527.130966415	"2012"	2.0698261589196	5.74593718479313
"6.7"	-63.2472797435897	48.4961161538462	386222.153699888	513817.841434508	"2012"	1.41944479052323	2.69479500764231
"6.8"	-63.2502525	48.70224625	384331.222462968	536562.272363894	"2012"	0.94149534671396	1.22097288278818
"7.1"	-63.7464597560976	46.8334304878049	361809.647637546	327345.59855544	"2012"	3.97463424972807	20.6734742321084
"7.2"	-63.7521	47.16577375	358936.059132761	364112.673385711	"2012"	1.48537847024773	2.89061040804383
"7.3"	-63.749593902439	47.5006512195122	356661.650815312	401182.17278995	"2012"	1.83381188463803	4.97435170154104
"7.4"	-63.750308	47.833669	354159.767423131	438011.844371817	"2012"	4.23261506138067	26.1700299011332
"7.5"	-63.7489702439024	48.1676275609756	351804.534465203	474938.878470963	"2012"	7.03709462862445	65.6356323268281
"7.6"	-63.7488834146341	48.498637804878	349378.777948225	511518.254921844	"2012"	6.25779531250878	50.4610361361199
"7.7"	-63.7510243589744	48.8298515384615	346789.94894362	548094.97044429	"2012"	1.91621461018236	4.76639367408795
"8.1"	-64.3730758974359	46.8332743589744	314173.468348785	324368.658229168	"2012"	2.0023809381578	5.34149554422819
"8.2"	-64.25039625	47.1666125	321306.779365656	361837.14568484	"2012"	2.4578741680324	7.90460910924805
"8.3"	-64.250246097561	47.500507804878	319120.314489205	398802.322525997	"2012"	4.5408158832434	27.3114952145434
"8.4"	-64.2504348717949	47.8342966666667	316910.218128317	435736.23285387	"2012"	12.3244090515779	197.910585586197
"8.5"	-64.2552680487805	48.16834	314356.094123475	472661.040811167	"2012"	14.4236032886052	268.873151458303
"8.6"	-64.08243375	48.4981325	324886.569876582	509890.997265977	"2012"	11.091133817676	157.752701775195
"8.7"	-64.0885979487179	48.7484051282051	322726.770506379	537518.766384427	"2012"	10.746635087134	147.263422411047
"9.1"	-64.6664007317073	46.8345875609756	291857.687428302	323272.120984389	"2012"	6.06781883372253	48.5031467877497
"9.2"	-64.74548	47.1700507317073	283890.788511935	360124.435980723	"2012"	3.91893337017873	19.9699019909588
"9.3"	-64.6624956097561	47.501352195122	288190.146874108	397146.465984739	"2012"	12.1047639584537	191.194296484311
"9.4"	-64.75479125	47.93580625	278746.181661153	444868.431379192	"2012"	4.8977021758901	32.6951768002175
"9.5"	-64.7479702564103	48.1625905128205	277936.605103154	469986.114073412	"2012"	13.4062160154038	231.140465130781
"1.1"	-60.9173561290323	46.8318080645161	576506.761688737	345716.596799721	"2013"	5.46906461351084	37.4374261948962
"1.2"	-60.7518202564103	47.1677838461538	585015.132779311	384126.153365578	"2013"	3.19979423876165	12.85986668733
"1.3"	-60.7518171794872	47.4991305128205	581044.327850851	420658.123280453	"2013"	0.254958415678766	0.0909869123295803
"1.4"	-60.7516643243243	47.8320867567568	577067.272234514	457350.99505047	"2013"	0.0842274675117878	0.0113337792887579
"1.5"	-60.7526330555556	48.1658583333333	572999.485433382	494107.962817711	"2013"	0.0330812922731526	0.00179621324344733
"10.1"	-65.248061	47.9340275	242069.540821145	442876.545197071	"2013"	19.6595965526421	495.475911236381
"11.1"	-65.7493197435897	47.9999905128205	204495.759083768	448615.006944755	"2013"	65.1778628097203	5442.275035998
"12.1"	-66.12838	48.0495311111111	176144.283722934	453092.182698747	"2013"	11.7672706825757	173.961450246748
"2.1"	-61.2526164102564	46.5002064102564	554828.325564076	306449.255368057	"2013"	5.83497888295165	42.5096030955321
"2.2"	-61.2438139473684	46.832285	551767.937178606	343195.641458842	"2013"	1.83648972269011	4.21075140659172
"2.3"	-61.252303	47.16639625	547376.253565787	380013.146143648	"2013"	0.536813732434475	0.381361137909596
"2.4"	-61.2342417073171	47.4981892682927	545005.94223114	416758.667907858	"2013"	0.13417467664883	0.0248109895342214
"2.5"	-61.2438780487805	47.8291019512195	540572.515011676	453178.259948557	"2013"	0.104836198493592	0.0172712450094681
"2.6"	-61.249757	48.164506	536377.311145493	490105.572835156	"2013"	0.118107670362127	0.0229845079011369
"3.1"	-61.7637307692308	45.8336828205128	522781.229103154	228891.006830664	"2013"	62.0038724432575	4839.52707559737
"3.2"	-61.75005525	46.1677375	520342.221395964	265956.570860579	"2013"	12.8972380378899	209.868350385886
"3.3"	-61.7483046153846	46.4992884615385	517007.009451745	302635.547333685	"2013"	3.73313511955143	17.5004902900703
"3.4"	-61.74711625	46.832917	513607.623211568	339518.89023448	"2013"	0.508461881417691	0.348106623139058
"3.5"	-61.75069	47.1599873170732	509918.766809975	375623.75670084	"2013"	0.346350136177798	0.159330775544832
"3.6"	-61.8283812195122	47.5850885365854	499677.478040302	422010.615230489	"2013"	0.268220756331202	0.113089421360565
"3.7"	-61.7473371052632	47.8309984210526	503161.171188203	449715.830809922	"2013"	0.33335346238955	0.177280888909942
"3.8"	-61.746232051282	48.1685343589744	499718.885476494	486955.508090221	"2013"	0.146275836034246	0.0353936327040443
"3.9"	-61.7488010810811	48.3275886486486	497869.760815293	504476.493661616	"2013"	0.0500470243691198	0.00413594147588235
"4.1"	-62.24718475	45.83468	485351.413587291	225595.978590349	"2013"	30.5660692255258	1178.91391805692
"4.2"	-62.2434276923077	46.1633033333333	482452.767287601	262008.976970938	"2013"	37.816416448607	1817.89025285122
"4.3"	-62.250151025641	46.5709517948718	477985.988029402	307071.704417749	"2013"	7.21807705727546	66.4859221514188
"4.4"	-62.2505841463415	46.8321714634146	475423.655106098	335957.255319153	"2013"	0.561291370457946	0.408713683778189
"4.5"	-62.2521246341463	47.1651790243902	472084.728170839	372756.753925677	"2013"	0.403797779612357	0.230571105268767
"4.6"	-62.24517	47.5011043902439	469356.688484007	409915.382459566	"2013"	1.70528464759943	4.72158325779232
"4.7"	-62.2483505128205	47.8323856410256	465914.59086071	446476.524059965	"2013"	1.26342690155693	2.56625431620826
"4.8"	-62.2504902564103	48.1688097435897	462504.340291844	483595.651234126	"2013"	0.403011030140771	0.256102172680977
"4.9"	-62.2470755263158	48.3859226315789	460657.842687668	507573.096047843	"2013"	0.0735789049438904	0.00896921456951792
"5.1"	-62.7493007692308	46.5058253846154	440477.550379991	296661.878309954	"2013"	10.5585167573	144.955789493879
"5.2"	-62.7510334146341	46.8296082926829	437460.379930388	332481.664246332	"2013"	2.39151889780314	8.59164677962131
"5.3"	-62.7504125	47.16851725	434489.329611461	369969.419551971	"2013"	1.42332215408891	3.14734894454611
"5.4"	-62.7492063414634	47.4997248780488	431631.582391272	406589.877635884	"2013"	3.05823680574291	14.7917443870574
"5.5"	-62.74741075	47.83225475	428806.100789692	443342.162514868	"2013"	8.05958867189935	102.895171178308
"5.6"	-62.7519592682927	48.1672929268293	425489.201159275	480316.822176966	"2013"	2.8486087301495	12.4437284844284
"5.7"	-62.747265	48.4304765789474	423495.157736089	509399.680779149	"2013"	0.608735534149247	0.587794578619375
"6.1"	-63.2491402564103	46.5102930769231	402227.751240551	294213.437413658	"2013"	18.585463855235	445.125822437012
"6.2"	-63.2513482926829	46.8322463414634	399439.65018915	329847.976858142	"2013"	2.55366067147852	8.85740690685915
"6.3"	-63.2510085365854	47.1676492682927	396738.067509929	366965.993357103	"2013"	2.29296959763358	7.64542885594922
"6.4"	-63.2500287804878	47.498067804878	394126.01073903	403517.092168064	"2013"	4.89828925865518	37.6352372095503
"6.5"	-63.248466	47.834712	391507.052326201	440741.797609754	"2013"	12.7720488743536	240.19006128144
"6.6"	-63.2519595121951	48.1677836585366	388543.07675857	477527.130966415	"2013"	16.5175466746305	357.626041697302
"6.7"	-63.2472797435897	48.4961161538462	386222.153699888	513817.841434508	"2013"	3.35992660396615	15.459633168785
"6.8"	-63.2502525	48.70224625	384331.222462968	536562.272363894	"2013"	0.994419557432354	1.46496997399497
"7.1"	-63.7464597560976	46.8334304878049	361809.647637546	327345.59855544	"2013"	8.34994985430624	90.4838406464355
"7.2"	-63.7521	47.16577375	358936.059132761	364112.673385711	"2013"	4.98874881311677	32.2686472112139
"7.3"	-63.749593902439	47.5006512195122	356661.650815312	401182.17278995	"2013"	8.43650369247014	92.2293470719083
"7.4"	-63.750308	47.833669	354159.767423131	438011.844371817	"2013"	19.6487863388233	495.677153641215
"7.5"	-63.7489702439024	48.1676275609756	351804.534465203	474938.878470963	"2013"	37.829570005412	1819.80098586422
"7.6"	-63.7488834146341	48.498637804878	349378.777948225	511518.254921844	"2013"	10.1881728490327	132.840432591228
"7.7"	-63.7510243589744	48.8298515384615	346789.94894362	548094.97044429	"2013"	0.683653569843469	0.617582851565818
"8.1"	-64.3730758974359	46.8332743589744	314173.468348785	324368.658229168	"2013"	5.70865418431435	41.6136354296058
"8.2"	-64.25039625	47.1666125	321306.779365656	361837.14568484	"2013"	14.2753810272765	257.075715021348
"8.3"	-64.250246097561	47.500507804878	319120.314489205	398802.322525997	"2013"	19.3397417188938	468.887677880403
"8.4"	-64.2504348717949	47.8342966666667	316910.218128317	435736.23285387	"2013"	47.1489602243019	2847.24475599343
"8.5"	-64.2552680487805	48.16834	314356.094123475	472661.040811167	"2013"	65.540160861859	5486.5418934885
"8.6"	-64.08243375	48.4981325	324886.569876582	509890.997265977	"2013"	15.9757596922347	321.406909158411
"8.7"	-64.0885979487179	48.7484051282051	322726.770506379	537518.766384427	"2013"	4.05246712161452	20.8341354562735
"9.1"	-64.6664007317073	46.8345875609756	291857.687428302	323272.120984389	"2013"	32.8899427091428	1370.82224233475
"9.2"	-64.74548	47.1700507317073	283890.788511935	360124.435980723	"2013"	39.6144183945126	2020.69551939963
"9.3"	-64.6624956097561	47.501352195122	288190.146874108	397146.465984739	"2013"	49.1030193107611	3099.96770928693
"9.4"	-64.75479125	47.93580625	278746.181661153	444868.431379192	"2013"	18.1076826509783	410.727926748896
"9.5"	-64.7479702564103	48.1625905128205	277936.605103154	469986.114073412	"2013"	46.3949373976765	2675.90026949747
"1.1"	-60.9173561290323	46.8318080645161	576506.761688737	345716.596799721	"2014"	4.14747297901656	22.0512375069579
"1.2"	-60.7518202564103	47.1677838461538	585015.132779311	384126.153365578	"2014"	4.59490149542214	27.7183636431805
"1.3"	-60.7518171794872	47.4991305128205	581044.327850851	420658.123280453	"2014"	0.917616932381528	1.35671461550541
"1.4"	-60.7516643243243	47.8320867567568	577067.272234514	457350.99505047	"2014"	0.325423990174878	0.178060901246857
"1.5"	-60.7526330555556	48.1658583333333	572999.485433382	494107.962817711	"2014"	0.0986053786396478	0.0163960531018944
"10.1"	-65.248061	47.9340275	242069.540821145	442876.545197071	"2014"	66.8437098946545	5758.43948455153
"11.1"	-65.7493197435897	47.9999905128205	204495.759083768	448615.006944755	"2014"	110.948375614666	15838.339127083
"12.1"	-66.12838	48.0495311111111	176144.283722934	453092.182698747	"2014"	12.1300183794251	186.049777792315
"2.1"	-61.2526164102564	46.5002064102564	554828.325564076	306449.255368057	"2014"	2.51718426924759	8.04094269295946
"2.2"	-61.2438139473684	46.832285	551767.937178606	343195.641458842	"2014"	1.32534253750476	2.21198174376106
"2.3"	-61.252303	47.16639625	547376.253565787	380013.146143648	"2014"	0.90840212713875	1.13168232234544
"2.4"	-61.2342417073171	47.4981892682927	545005.94223114	416758.667907858	"2014"	0.44282427282753	0.301417525266994
"2.5"	-61.2438780487805	47.8291019512195	540572.515011676	453178.259948557	"2014"	0.341085622882728	0.193444701216717
"2.6"	-61.249757	48.164506	536377.311145493	490105.572835156	"2014"	0.308823562244851	0.161123589230295
"3.1"	-61.7637307692308	45.8336828205128	522781.229103154	228891.006830664	"2014"	9.48975597024147	123.222859786425
"3.2"	-61.75005525	46.1677375	520342.221395964	265956.570860579	"2014"	2.07964181679115	5.69646265605964
"3.3"	-61.7483046153846	46.4992884615385	517007.009451745	302635.547333685	"2014"	2.0131081617142	5.1303197127438
"3.4"	-61.74711625	46.832917	513607.623211568	339518.89023448	"2014"	0.67641387933484	0.607696758884811
"3.5"	-61.75069	47.1599873170732	509918.766809975	375623.75670084	"2014"	0.376552845899429	0.183321251954922
"3.6"	-61.8283812195122	47.5850885365854	499677.478040302	422010.615230489	"2014"	0.404314181745048	0.261598949204452
"3.7"	-61.7473371052632	47.8309984210526	503161.171188203	449715.830809922	"2014"	0.639596841191583	0.677400382079123
"3.8"	-61.746232051282	48.1685343589744	499718.885476494	486955.508090221	"2014"	0.289266278852666	0.141853550333814
"3.9"	-61.7488010810811	48.3275886486486	497869.760815293	504476.493661616	"2014"	0.0893650886526409	0.0135328782536462
"4.1"	-62.24718475	45.83468	485351.413587291	225595.978590349	"2014"	3.48886065278726	15.925340635647
"4.2"	-62.2434276923077	46.1633033333333	482452.767287601	262008.976970938	"2014"	5.4365479176402	38.3177932573955
"4.3"	-62.250151025641	46.5709517948718	477985.988029402	307071.704417749	"2014"	5.43869938023715	37.377391445053
"4.4"	-62.2505841463415	46.8321714634146	475423.655106098	335957.255319153	"2014"	0.629131233715725	0.500770273684757
"4.5"	-62.2521246341463	47.1651790243902	472084.728170839	372756.753925677	"2014"	0.348402249565261	0.161970390057015
"4.6"	-62.24517	47.5011043902439	469356.688484007	409915.382459566	"2014"	1.43758127683131	3.31015945029301
"4.7"	-62.2483505128205	47.8323856410256	465914.59086071	446476.524059965	"2014"	1.21936573308869	2.45173576389661
"4.8"	-62.2504902564103	48.1688097435897	462504.340291844	483595.651234126	"2014"	0.509865789114533	0.436146913067607
"4.9"	-62.2470755263158	48.3859226315789	460657.842687668	507573.096047843	"2014"	0.0733104995190486	0.0091407888896517
"5.1"	-62.7493007692308	46.5058253846154	440477.550379991	296661.878309954	"2014"	4.28566606260474	23.7559064148421
"5.2"	-62.7510334146341	46.8296082926829	437460.379930388	332481.664246332	"2014"	1.86769881549533	4.70255595070647
"5.3"	-62.7504125	47.16851725	434489.329611461	369969.419551971	"2014"	1.105382162829	1.73408761474535
"5.4"	-62.7492063414634	47.4997248780488	431631.582391272	406589.877635884	"2014"	1.78869677911257	4.84553903818389
"5.5"	-62.74741075	47.83225475	428806.100789692	443342.162514868	"2014"	3.26509006288865	16.9476102770064
"5.6"	-62.7519592682927	48.1672929268293	425489.201159275	480316.822176966	"2014"	0.829018373065439	1.11855842873756
"5.7"	-62.747265	48.4304765789474	423495.157736089	509399.680779149	"2014"	0.185066600981643	0.0574837785425167
"6.1"	-63.2491402564103	46.5102930769231	402227.751240551	294213.437413658	"2014"	12.0092047840458	181.685694771086
"6.2"	-63.2513482926829	46.8322463414634	399439.65018915	329847.976858142	"2014"	4.47608876087445	25.5628893307685
"6.3"	-63.2510085365854	47.1676492682927	396738.067509929	366965.993357103	"2014"	2.29134743766237	6.85420021125257
"6.4"	-63.2500287804878	47.498067804878	394126.01073903	403517.092168064	"2014"	3.08375813030446	13.925439061032
"6.5"	-63.248466	47.834712	391507.052326201	440741.797609754	"2014"	3.91222429582996	21.8343515870833
"6.6"	-63.2519595121951	48.1677836585366	388543.07675857	477527.130966415	"2014"	2.00279660014249	5.69691426009281
"6.7"	-63.2472797435897	48.4961161538462	386222.153699888	513817.841434508	"2014"	0.54008089407771	0.470983392626859
"6.8"	-63.2502525	48.70224625	384331.222462968	536562.272363894	"2014"	0.250258734252155	0.1042830467288
"7.1"	-63.7464597560976	46.8334304878049	361809.647637546	327345.59855544	"2014"	22.5965494602068	658.446201554297
"7.2"	-63.7521	47.16577375	358936.059132761	364112.673385711	"2014"	8.71011962270379	97.6832714544872
"7.3"	-63.749593902439	47.5006512195122	356661.650815312	401182.17278995	"2014"	7.45095753609764	70.7062419126604
"7.4"	-63.750308	47.833669	354159.767423131	438011.844371817	"2014"	17.7527335380362	410.489993243261
"7.5"	-63.7489702439024	48.1676275609756	351804.534465203	474938.878470963	"2014"	9.63991774405683	132.429319861861
"7.6"	-63.7488834146341	48.498637804878	349378.777948225	511518.254921844	"2014"	1.94470753920574	5.86713387614786
"7.7"	-63.7510243589744	48.8298515384615	346789.94894362	548094.97044429	"2014"	0.282324551008305	0.127397963743675
"8.1"	-64.3730758974359	46.8332743589744	314173.468348785	324368.658229168	"2014"	6.42154290656252	52.2069086219847
"8.2"	-64.25039625	47.1666125	321306.779365656	361837.14568484	"2014"	13.3670880889934	224.141482790709
"8.3"	-64.250246097561	47.500507804878	319120.314489205	398802.322525997	"2014"	20.2295587536045	513.083061157324
"8.4"	-64.2504348717949	47.8342966666667	316910.218128317	435736.23285387	"2014"	59.8246516390055	4609.22914098939
"8.5"	-64.2552680487805	48.16834	314356.094123475	472661.040811167	"2014"	43.0067206353387	2392.6476240738
"8.6"	-64.08243375	48.4981325	324886.569876582	509890.997265977	"2014"	6.0249391628303	52.8698130098727
"8.7"	-64.0885979487179	48.7484051282051	322726.770506379	537518.766384427	"2014"	1.88483458340861	5.18964640544493
"9.1"	-64.6664007317073	46.8345875609756	291857.687428302	323272.120984389	"2014"	17.5166760238235	387.374189694388
"9.2"	-64.74548	47.1700507317073	283890.788511935	360124.435980723	"2014"	13.611707881197	238.503826279815
"9.3"	-64.6624956097561	47.501352195122	288190.146874108	397146.465984739	"2014"	45.5081032024798	2667.10305481578
"9.4"	-64.75479125	47.93580625	278746.181661153	444868.431379192	"2014"	59.8984372042647	4571.05925718291
"9.5"	-64.7479702564103	48.1625905128205	277936.605103154	469986.114073412	"2014"	175.32202872266	38831.7546447603
"1.1"	-60.9173561290323	46.8318080645161	576506.761688737	345716.596799721	"2015"	0.528851479606465	0.348137210810085
"1.2"	-60.7518202564103	47.1677838461538	585015.132779311	384126.153365578	"2015"	0.374820918106046	0.175031386345476
"1.3"	-60.7518171794872	47.4991305128205	581044.327850851	420658.123280453	"2015"	0.070863584898573	0.00662508285593294
"1.4"	-60.7516643243243	47.8320867567568	577067.272234514	457350.99505047	"2015"	0.0290526984070682	0.00121510892786419
"1.5"	-60.7526330555556	48.1658583333333	572999.485433382	494107.962817711	"2015"	0.0190339888637866	0.000552187367537071
"10.1"	-65.248061	47.9340275	242069.540821145	442876.545197071	"2015"	21.4137819481282	586.759915352291
"11.1"	-65.7493197435897	47.9999905128205	204495.759083768	448615.006944755	"2015"	51.4866113931004	3392.39165999852
"12.1"	-66.12838	48.0495311111111	176144.283722934	453092.182698747	"2015"	7.2174731625596	65.3890319938264
"2.1"	-61.2526164102564	46.5002064102564	554828.325564076	306449.255368057	"2015"	0.835113288752998	0.867131732161598
"2.2"	-61.2438139473684	46.832285	551767.937178606	343195.641458842	"2015"	0.294185438494351	0.107442520613447
"2.3"	-61.252303	47.16639625	547376.253565787	380013.146143648	"2015"	0.233899179288182	0.0697663545544416
"2.4"	-61.2342417073171	47.4981892682927	545005.94223114	416758.667907858	"2015"	0.0736405464544318	0.00709700560743897
"2.5"	-61.2438780487805	47.8291019512195	540572.515011676	453178.259948557	"2015"	0.0660179263216129	0.00640413802140545
"2.6"	-61.249757	48.164506	536377.311145493	490105.572835156	"2015"	0.0838872638275646	0.0110935810843468
"3.1"	-61.7637307692308	45.8336828205128	522781.229103154	228891.006830664	"2015"	7.23347087128119	65.6688612081181
"3.2"	-61.75005525	46.1677375	520342.221395964	265956.570860579	"2015"	5.20281666907338	33.8969703877649
"3.3"	-61.7483046153846	46.4992884615385	517007.009451745	302635.547333685	"2015"	2.06899166773837	5.32825313845365
"3.4"	-61.74711625	46.832917	513607.623211568	339518.89023448	"2015"	0.421009821682499	0.226747752497476
"3.5"	-61.75069	47.1599873170732	509918.766809975	375623.75670084	"2015"	0.266364719448598	0.0893249953740938
"3.6"	-61.8283812195122	47.5850885365854	499677.478040302	422010.615230489	"2015"	0.163853568418699	0.0389986579979339
"3.7"	-61.7473371052632	47.8309984210526	503161.171188203	449715.830809922	"2015"	0.209196714009654	0.0661054570694534
"3.8"	-61.746232051282	48.1685343589744	499718.885476494	486955.508090221	"2015"	0.108220912223575	0.0187462917076549
"3.9"	-61.7488010810811	48.3275886486486	497869.760815293	504476.493661616	"2015"	0.0374481207133372	0.00221192815199185
"4.1"	-62.24718475	45.83468	485351.413587291	225595.978590349	"2015"	2.41420904762125	7.32048400020778
"4.2"	-62.2434276923077	46.1633033333333	482452.767287601	262008.976970938	"2015"	8.08613478296648	82.0165287245293
"4.3"	-62.250151025641	46.5709517948718	477985.988029402	307071.704417749	"2015"	6.71792873494175	56.30952550888
"4.4"	-62.2505841463415	46.8321714634146	475423.655106098	335957.255319153	"2015"	0.912106612582894	1.04124853633051
"4.5"	-62.2521246341463	47.1651790243902	472084.728170839	372756.753925677	"2015"	0.330360579728093	0.140639800320478
"4.6"	-62.24517	47.5011043902439	469356.688484007	409915.382459566	"2015"	0.769376026597018	0.861917857896191
"4.7"	-62.2483505128205	47.8323856410256	465914.59086071	446476.524059965	"2015"	0.469447255379958	0.315926752641289
"4.8"	-62.2504902564103	48.1688097435897	462504.340291844	483595.651234126	"2015"	0.259828944136839	0.100905165588278
"4.9"	-62.2470755263158	48.3859226315789	460657.842687668	507573.096047843	"2015"	0.0349195128907137	0.00190929714005047
"5.1"	-62.7493007692308	46.5058253846154	440477.550379991	296661.878309954	"2015"	7.1653475361253	66.1832381654708
"5.2"	-62.7510334146341	46.8296082926829	437460.379930388	332481.664246332	"2015"	2.68748568436296	9.44607849120242
"5.3"	-62.7504125	47.16851725	434489.329611461	369969.419551971	"2015"	1.10981622194854	1.64189921145838
"5.4"	-62.7492063414634	47.4997248780488	431631.582391272	406589.877635884	"2015"	0.933062502188951	1.14093589951624
"5.5"	-62.74741075	47.83225475	428806.100789692	443342.162514868	"2015"	1.71872463743641	3.92618165669414
"5.6"	-62.7519592682927	48.1672929268293	425489.201159275	480316.822176966	"2015"	0.68108466333453	0.63974584464563
"5.7"	-62.747265	48.4304765789474	423495.157736089	509399.680779149	"2015"	0.19061566337718	0.0521100512109385
"6.1"	-63.2491402564103	46.5102930769231	402227.751240551	294213.437413658	"2015"	15.8990026436488	316.468657310993
"6.2"	-63.2513482926829	46.8322463414634	399439.65018915	329847.976858142	"2015"	5.93019695460622	44.3324987102517
"6.3"	-63.2510085365854	47.1676492682927	396738.067509929	366965.993357103	"2015"	4.58035888304932	26.5222174490233
"6.4"	-63.2500287804878	47.498067804878	394126.01073903	403517.092168064	"2015"	3.76451812609276	18.2557628223117
"6.5"	-63.248466	47.834712	391507.052326201	440741.797609754	"2015"	3.80791801904875	18.4260197315462
"6.6"	-63.2519595121951	48.1677836585366	388543.07675857	477527.130966415	"2015"	2.63386448876675	8.7168473100663
"6.7"	-63.2472797435897	48.4961161538462	386222.153699888	513817.841434508	"2015"	1.02804090630536	1.37330850211153
"6.8"	-63.2502525	48.70224625	384331.222462968	536562.272363894	"2015"	0.464141778525062	0.293767533072556
"7.1"	-63.7464597560976	46.8334304878049	361809.647637546	327345.59855544	"2015"	27.1174301174372	945.187334285057
"7.2"	-63.7521	47.16577375	358936.059132761	364112.673385711	"2015"	42.5799368693955	2320.68871881084
"7.3"	-63.749593902439	47.5006512195122	356661.650815312	401182.17278995	"2015"	34.8241601159862	1509.59367627432
"7.4"	-63.750308	47.833669	354159.767423131	438011.844371817	"2015"	28.9254915761509	1042.77715040036
"7.5"	-63.7489702439024	48.1676275609756	351804.534465203	474938.878470963	"2015"	18.9670943661041	449.985569368138
"7.6"	-63.7488834146341	48.498637804878	349378.777948225	511518.254921844	"2015"	6.46566948429907	52.7769304691564
"7.7"	-63.7510243589744	48.8298515384615	346789.94894362	548094.97044429	"2015"	0.632720453545603	0.517821015860778
"8.1"	-64.3730758974359	46.8332743589744	314173.468348785	324368.658229168	"2015"	1.34239924205288	2.26749248915326
"8.2"	-64.25039625	47.1666125	321306.779365656	361837.14568484	"2015"	23.1210488454205	666.2982784858
"8.3"	-64.250246097561	47.500507804878	319120.314489205	398802.322525997	"2015"	93.2257301234706	10795.1141238943
"8.4"	-64.2504348717949	47.8342966666667	316910.218128317	435736.23285387	"2015"	130.931058382827	21828.7745532082
"8.5"	-64.2552680487805	48.16834	314356.094123475	472661.040811167	"2015"	82.1565774734961	8590.23853766004
"8.6"	-64.08243375	48.4981325	324886.569876582	509890.997265977	"2015"	22.3845798490792	627.608891551236
"8.7"	-64.0885979487179	48.7484051282051	322726.770506379	537518.766384427	"2015"	6.32345602443425	50.4500780230904
"9.1"	-64.6664007317073	46.8345875609756	291857.687428302	323272.120984389	"2015"	2.09557477906262	5.51737477338729
"9.2"	-64.74548	47.1700507317073	283890.788511935	360124.435980723	"2015"	6.94435895571596	61.8260800718078
"9.3"	-64.6624956097561	47.501352195122	288190.146874108	397146.465984739	"2015"	76.4739005966863	7483.76090223649
"9.4"	-64.75479125	47.93580625	278746.181661153	444868.431379192	"2015"	34.270937374858	1464.93972412232
"9.5"	-64.7479702564103	48.1625905128205	277936.605103154	469986.114073412	"2015"	70.7248456649904	6209.04402040876
"1.1"	-60.9173561290323	46.8318080645161	576506.761688737	345716.596799721	"2016"	2.77606641973822	9.58719718123802
"1.2"	-60.7518202564103	47.1677838461538	585015.132779311	384126.153365578	"2016"	1.22140350114515	1.85834638416291
"1.3"	-60.7518171794872	47.4991305128205	581044.327850851	420658.123280453	"2016"	0.198573541171879	0.052237681240999
"1.4"	-60.7516643243243	47.8320867567568	577067.272234514	457350.99505047	"2016"	0.0488569670787511	0.00349555670362327
"1.5"	-60.7526330555556	48.1658583333333	572999.485433382	494107.962817711	"2016"	0.0221720065391009	0.000773396268218103
"10.1"	-65.248061	47.9340275	242069.540821145	442876.545197071	"2016"	22.4084549667395	643.579842572626
"11.1"	-65.7493197435897	47.9999905128205	204495.759083768	448615.006944755	"2016"	91.2061383259732	10662.7552187022
"12.1"	-66.12838	48.0495311111111	176144.283722934	453092.182698747	"2016"	19.2719978271101	467.368889643062
"2.1"	-61.2526164102564	46.5002064102564	554828.325564076	306449.255368057	"2016"	4.56687686299881	25.9118244097111
"2.2"	-61.2438139473684	46.832285	551767.937178606	343195.641458842	"2016"	1.75241923266832	3.81055533881283
"2.3"	-61.252303	47.16639625	547376.253565787	380013.146143648	"2016"	0.677217451021742	0.5844440215128
"2.4"	-61.2342417073171	47.4981892682927	545005.94223114	416758.667907858	"2016"	0.174606422192505	0.0401242570804074
"2.5"	-61.2438780487805	47.8291019512195	540572.515011676	453178.259948557	"2016"	0.108541869142629	0.017658044731196
"2.6"	-61.249757	48.164506	536377.311145493	490105.572835156	"2016"	0.0972568810118234	0.0152017419329986
"3.1"	-61.7637307692308	45.8336828205128	522781.229103154	228891.006830664	"2016"	19.1972713321401	461.900396128144
"3.2"	-61.75005525	46.1677375	520342.221395964	265956.570860579	"2016"	5.74641330071513	41.2754321381601
"3.3"	-61.7483046153846	46.4992884615385	517007.009451745	302635.547333685	"2016"	5.49229517706739	37.4943650631514
"3.4"	-61.74711625	46.832917	513607.623211568	339518.89023448	"2016"	1.89088154439979	4.54493231544114
"3.5"	-61.75069	47.1599873170732	509918.766809975	375623.75670084	"2016"	1.01370486005238	1.2923534514024
"3.6"	-61.8283812195122	47.5850885365854	499677.478040302	422010.615230489	"2016"	0.468726424631223	0.327817410135223
"3.7"	-61.7473371052632	47.8309984210526	503161.171188203	449715.830809922	"2016"	0.406206541105096	0.256833933344354
"3.8"	-61.746232051282	48.1685343589744	499718.885476494	486955.508090221	"2016"	0.130868827681845	0.027852562469279
"3.9"	-61.7488010810811	48.3275886486486	497869.760815293	504476.493661616	"2016"	0.0386299627353324	0.00239785830970861
"4.1"	-62.24718475	45.83468	485351.413587291	225595.978590349	"2016"	7.79972083191231	76.2716821822282
"4.2"	-62.2434276923077	46.1633033333333	482452.767287601	262008.976970938	"2016"	13.6329598129195	232.49524272469
"4.3"	-62.250151025641	46.5709517948718	477985.988029402	307071.704417749	"2016"	13.2031620769361	216.876547810622
"4.4"	-62.2505841463415	46.8321714634146	475423.655106098	335957.255319153	"2016"	2.29035857960818	6.53631948317505
"4.5"	-62.2521246341463	47.1651790243902	472084.728170839	372756.753925677	"2016"	1.90446028717646	4.63634861670839
"4.6"	-62.24517	47.5011043902439	469356.688484007	409915.382459566	"2016"	3.16288886709602	15.0209283063776
"4.7"	-62.2483505128205	47.8323856410256	465914.59086071	446476.524059965	"2016"	1.15360830047523	2.0273115004314
"4.8"	-62.2504902564103	48.1688097435897	462504.340291844	483595.651234126	"2016"	0.332646501690939	0.166272616997517
"4.9"	-62.2470755263158	48.3859226315789	460657.842687668	507573.096047843	"2016"	0.0377382620415665	0.00221662248838089
"5.1"	-62.7493007692308	46.5058253846154	440477.550379991	296661.878309954	"2016"	10.602353147983	144.493230909193
"5.2"	-62.7510334146341	46.8296082926829	437460.379930388	332481.664246332	"2016"	3.94018201997158	19.8681579883531
"5.3"	-62.7504125	47.16851725	434489.329611461	369969.419551971	"2016"	2.30096584076472	6.83991934878284
"5.4"	-62.7492063414634	47.4997248780488	431631.582391272	406589.877635884	"2016"	3.36893512953407	15.2782896467689
"5.5"	-62.74741075	47.83225475	428806.100789692	443342.162514868	"2016"	3.75802928311482	19.0448626794718
"5.6"	-62.7519592682927	48.1672929268293	425489.201159275	480316.822176966	"2016"	0.970647310940341	1.24785540873034
"5.7"	-62.747265	48.4304765789474	423495.157736089	509399.680779149	"2016"	0.282215852289499	0.110620820642878
"6.1"	-63.2491402564103	46.5102930769231	402227.751240551	294213.437413658	"2016"	23.6913639233877	700.185905079191
"6.2"	-63.2513482926829	46.8322463414634	399439.65018915	329847.976858142	"2016"	6.95364717947459	60.5562625305168
"6.3"	-63.2510085365854	47.1676492682927	396738.067509929	366965.993357103	"2016"	4.95870180177521	30.8966552067805
"6.4"	-63.2500287804878	47.498067804878	394126.01073903	403517.092168064	"2016"	6.32812640234972	51.7180826150457
"6.5"	-63.248466	47.834712	391507.052326201	440741.797609754	"2016"	7.34063295037065	68.4585750147637
"6.6"	-63.2519595121951	48.1677836585366	388543.07675857	477527.130966415	"2016"	5.54872093265534	38.5162022980232
"6.7"	-63.2472797435897	48.4961161538462	386222.153699888	513817.841434508	"2016"	2.35261105885915	7.22729792774699
"6.8"	-63.2502525	48.70224625	384331.222462968	536562.272363894	"2016"	0.883247218548484	1.13401598091058
"7.1"	-63.7464597560976	46.8334304878049	361809.647637546	327345.59855544	"2016"	49.8358952548731	3186.0754559453
"7.2"	-63.7521	47.16577375	358936.059132761	364112.673385711	"2016"	21.727005587938	603.446894665025
"7.3"	-63.749593902439	47.5006512195122	356661.650815312	401182.17278995	"2016"	12.7343617711319	201.807346634897
"7.4"	-63.750308	47.833669	354159.767423131	438011.844371817	"2016"	12.2338785054846	186.557015316085
"7.5"	-63.7489702439024	48.1676275609756	351804.534465203	474938.878470963	"2016"	9.87816773673512	122.203493549178
"7.6"	-63.7488834146341	48.498637804878	349378.777948225	511518.254921844	"2016"	2.92282360440343	10.9686632635311
"7.7"	-63.7510243589744	48.8298515384615	346789.94894362	548094.97044429	"2016"	0.520138399101052	0.383870599890648
"8.1"	-64.3730758974359	46.8332743589744	314173.468348785	324368.658229168	"2016"	23.5731412140174	697.997896422489
"8.2"	-64.25039625	47.1666125	321306.779365656	361837.14568484	"2016"	48.5306701955815	2933.5200341151
"8.3"	-64.250246097561	47.500507804878	319120.314489205	398802.322525997	"2016"	34.6767879220507	1493.60268786101
"8.4"	-64.2504348717949	47.8342966666667	316910.218128317	435736.23285387	"2016"	44.2662669464007	2497.10592212203
"8.5"	-64.2552680487805	48.16834	314356.094123475	472661.040811167	"2016"	17.3938690602533	385.885024492638
"8.6"	-64.08243375	48.4981325	324886.569876582	509890.997265977	"2016"	3.67427351246278	17.1282000275246
"8.7"	-64.0885979487179	48.7484051282051	322726.770506379	537518.766384427	"2016"	1.76052788646314	4.05252962775103
"9.1"	-64.6664007317073	46.8345875609756	291857.687428302	323272.120984389	"2016"	63.2575836440239	5022.52862190196
"9.2"	-64.74548	47.1700507317073	283890.788511935	360124.435980723	"2016"	55.0452100048349	3883.88563344604
"9.3"	-64.6624956097561	47.501352195122	288190.146874108	397146.465984739	"2016"	68.6366300658472	6030.38387931707
"9.4"	-64.75479125	47.93580625	278746.181661153	444868.431379192	"2016"	13.8537094248397	239.869871553561
"9.5"	-64.7479702564103	48.1625905128205	277936.605103154	469986.114073412	"2016"	21.5730023071831	578.828945351436
"1.1"	-60.9173561290323	46.8318080645161	576506.761688737	345716.596799721	"2017"	2.28209580156795	6.52060764291044
"1.2"	-60.7518202564103	47.1677838461538	585015.132779311	384126.153365578	"2017"	0.958548677622341	1.15738089284483
"1.3"	-60.7518171794872	47.4991305128205	581044.327850851	420658.123280453	"2017"	0.132649198897139	0.0253328390313783
"1.4"	-60.7516643243243	47.8320867567568	577067.272234514	457350.99505047	"2017"	0.0600496070497926	0.00586020182088188
"1.5"	-60.7526330555556	48.1658583333333	572999.485433382	494107.962817711	"2017"	0.0274211742009379	0.00124678032287684
"10.1"	-65.248061	47.9340275	242069.540821145	442876.545197071	"2017"	8.47834440237612	92.6333827832816
"11.1"	-65.7493197435897	47.9999905128205	204495.759083768	448615.006944755	"2017"	30.4444038636476	1192.55377696859
"12.1"	-66.12838	48.0495311111111	176144.283722934	453092.182698747	"2017"	7.07201497964733	63.2356135073874
"2.1"	-61.2526164102564	46.5002064102564	554828.325564076	306449.255368057	"2017"	5.48787264693741	37.5770509967835
"2.2"	-61.2438139473684	46.832285	551767.937178606	343195.641458842	"2017"	1.23824181673388	1.91158423663985
"2.3"	-61.252303	47.16639625	547376.253565787	380013.146143648	"2017"	0.404594318335821	0.215909991950144
"2.4"	-61.2342417073171	47.4981892682927	545005.94223114	416758.667907858	"2017"	0.121510572620045	0.0209491453269894
"2.5"	-61.2438780487805	47.8291019512195	540572.515011676	453178.259948557	"2017"	0.0877622439885522	0.0123298221681856
"2.6"	-61.249757	48.164506	536377.311145493	490105.572835156	"2017"	0.107410451896388	0.0192312647279534
"3.1"	-61.7637307692308	45.8336828205128	522781.229103154	228891.006830664	"2017"	14.3347205112386	258.636225335582
"3.2"	-61.75005525	46.1677375	520342.221395964	265956.570860579	"2017"	8.76132342915048	96.7748799451567
"3.3"	-61.7483046153846	46.4992884615385	517007.009451745	302635.547333685	"2017"	11.3682721188414	162.073498386876
"3.4"	-61.74711625	46.832917	513607.623211568	339518.89023448	"2017"	0.99408107699025	1.31439822079611
"3.5"	-61.75069	47.1599873170732	509918.766809975	375623.75670084	"2017"	0.353436691169367	0.161562334051097
"3.6"	-61.8283812195122	47.5850885365854	499677.478040302	422010.615230489	"2017"	0.146058234801317	0.0322736215614702
"3.7"	-61.7473371052632	47.8309984210526	503161.171188203	449715.830809922	"2017"	0.225542097904853	0.0814526196607767
"3.8"	-61.746232051282	48.1685343589744	499718.885476494	486955.508090221	"2017"	0.134903466319714	0.0305591570825361
"3.9"	-61.7488010810811	48.3275886486486	497869.760815293	504476.493661616	"2017"	0.0486355606268898	0.00397150501593913
"4.1"	-62.24718475	45.83468	485351.413587291	225595.978590349	"2017"	9.09405512132703	104.332957262829
"4.2"	-62.2434276923077	46.1633033333333	482452.767287601	262008.976970938	"2017"	29.6752254177956	1117.88204275893
"4.3"	-62.250151025641	46.5709517948718	477985.988029402	307071.704417749	"2017"	17.5927194156645	394.238942317895
"4.4"	-62.2505841463415	46.8321714634146	475423.655106098	335957.255319153	"2017"	1.09703581279762	1.5596920033629
"4.5"	-62.2521246341463	47.1651790243902	472084.728170839	372756.753925677	"2017"	0.511141035961764	0.37316112904542
"4.6"	-62.24517	47.5011043902439	469356.688484007	409915.382459566	"2017"	1.06752421700229	1.82530960611391
"4.7"	-62.2483505128205	47.8323856410256	465914.59086071	446476.524059965	"2017"	0.69646055593595	0.784758185864261
"4.8"	-62.2504902564103	48.1688097435897	462504.340291844	483595.651234126	"2017"	0.348375175240958	0.200510340395449
"4.9"	-62.2470755263158	48.3859226315789	460657.842687668	507573.096047843	"2017"	0.0573836214068764	0.00556045459450188
"5.1"	-62.7493007692308	46.5058253846154	440477.550379991	296661.878309954	"2017"	24.5046891525775	780.291744764602
"5.2"	-62.7510334146341	46.8296082926829	437460.379930388	332481.664246332	"2017"	5.17986246828541	39.7675358333848
"5.3"	-62.7504125	47.16851725	434489.329611461	369969.419551971	"2017"	1.71447312626146	4.47208877378354
"5.4"	-62.7492063414634	47.4997248780488	431631.582391272	406589.877635884	"2017"	1.84478342372484	5.24845898114071
"5.5"	-62.74741075	47.83225475	428806.100789692	443342.162514868	"2017"	2.76570900512354	12.0000987817662
"5.6"	-62.7519592682927	48.1672929268293	425489.201159275	480316.822176966	"2017"	0.841058537603146	1.11313860801636
"5.7"	-62.747265	48.4304765789474	423495.157736089	509399.680779149	"2017"	0.199500155950107	0.0648688560616645
"6.1"	-63.2491402564103	46.5102930769231	402227.751240551	294213.437413658	"2017"	51.3801991147173	3369.77590592675
"6.2"	-63.2513482926829	46.8322463414634	399439.65018915	329847.976858142	"2017"	8.62770157692745	97.918580751869
"6.3"	-63.2510085365854	47.1676492682927	396738.067509929	366965.993357103	"2017"	4.19616368986117	23.6887313976628
"6.4"	-63.2500287804878	47.498067804878	394126.01073903	403517.092168064	"2017"	4.25064727468209	26.8837074999012
"6.5"	-63.248466	47.834712	391507.052326201	440741.797609754	"2017"	3.38233573502894	16.0957037211892
"6.6"	-63.2519595121951	48.1677836585366	388543.07675857	477527.130966415	"2017"	2.70966975932076	9.81596906416376
"6.7"	-63.2472797435897	48.4961161538462	386222.153699888	513817.841434508	"2017"	0.756105953398839	0.818357258575318
"6.8"	-63.2502525	48.70224625	384331.222462968	536562.272363894	"2017"	0.400645414617947	0.246027675854708
"7.1"	-63.7464597560976	46.8334304878049	361809.647637546	327345.59855544	"2017"	46.0851071356919	2746.2219338251
"7.2"	-63.7521	47.16577375	358936.059132761	364112.673385711	"2017"	32.4657084200804	1359.86323054934
"7.3"	-63.749593902439	47.5006512195122	356661.650815312	401182.17278995	"2017"	20.6184145009126	543.40145577485
"7.4"	-63.750308	47.833669	354159.767423131	438011.844371817	"2017"	12.5355837228165	203.460532371417
"7.5"	-63.7489702439024	48.1676275609756	351804.534465203	474938.878470963	"2017"	10.1938463729554	140.800980423467
"7.6"	-63.7488834146341	48.498637804878	349378.777948225	511518.254921844	"2017"	3.30565566114144	14.9181803852167
"7.7"	-63.7510243589744	48.8298515384615	346789.94894362	548094.97044429	"2017"	0.783955269197456	0.851276861260127
"8.1"	-64.3730758974359	46.8332743589744	314173.468348785	324368.658229168	"2017"	9.55679182419443	116.061369540148
"8.2"	-64.25039625	47.1666125	321306.779365656	361837.14568484	"2017"	72.9932895682267	6697.44305151699
"8.3"	-64.250246097561	47.500507804878	319120.314489205	398802.322525997	"2017"	84.4206710288985	8944.03829449272
"8.4"	-64.2504348717949	47.8342966666667	316910.218128317	435736.23285387	"2017"	62.9851776929325	5106.75128442259
"8.5"	-64.2552680487805	48.16834	314356.094123475	472661.040811167	"2017"	23.1087596812202	689.074809746099
"8.6"	-64.08243375	48.4981325	324886.569876582	509890.997265977	"2017"	7.60347878633657	77.6712221789977
"8.7"	-64.0885979487179	48.7484051282051	322726.770506379	537518.766384427	"2017"	4.51535439797214	27.0640936442818
"9.1"	-64.6664007317073	46.8345875609756	291857.687428302	323272.120984389	"2017"	25.2257530047171	805.16693753209
"9.2"	-64.74548	47.1700507317073	283890.788511935	360124.435980723	"2017"	68.3843052239181	6024.19603448686
"9.3"	-64.6624956097561	47.501352195122	288190.146874108	397146.465984739	"2017"	157.611102136733	32006.5340182218
"9.4"	-64.75479125	47.93580625	278746.181661153	444868.431379192	"2017"	10.4584934499814	139.062532624276
"9.5"	-64.7479702564103	48.1625905128205	277936.605103154	469986.114073412	"2017"	15.8330467755349	315.566991791663
"1.1"	-60.9173561290323	46.8318080645161	576506.761688737	345716.596799721	"2018"	3.57617910161248	15.9913936646631
"1.2"	-60.7518202564103	47.1677838461538	585015.132779311	384126.153365578	"2018"	2.53249940787212	8.10699265428362
"1.3"	-60.7518171794872	47.4991305128205	581044.327850851	420658.123280453	"2018"	0.519842435587361	0.396046802055382
"1.4"	-60.7516643243243	47.8320867567568	577067.272234514	457350.99505047	"2018"	0.130554562640703	0.02705237073732
"1.5"	-60.7526330555556	48.1658583333333	572999.485433382	494107.962817711	"2018"	0.0399194346405437	0.00256401669134589
"10.1"	-65.248061	47.9340275	242069.540821145	442876.545197071	"2018"	70.5573490893388	6375.97497219715
"11.1"	-65.7493197435897	47.9999905128205	204495.759083768	448615.006944755	"2018"	240.149115445648	73898.8092502856
"12.1"	-66.12838	48.0495311111111	176144.283722934	453092.182698747	"2018"	35.3426335579849	1571.56266910325
"2.1"	-61.2526164102564	46.5002064102564	554828.325564076	306449.255368057	"2018"	2.51326951569936	7.85626066238912
"2.2"	-61.2438139473684	46.832285	551767.937178606	343195.641458842	"2018"	2.8371081926411	9.99010775482137
"2.3"	-61.252303	47.16639625	547376.253565787	380013.146143648	"2018"	1.94306073300624	4.76808466021217
"2.4"	-61.2342417073171	47.4981892682927	545005.94223114	416758.667907858	"2018"	0.531298653573658	0.360271397088842
"2.5"	-61.2438780487805	47.8291019512195	540572.515011676	453178.259948557	"2018"	0.136247485324437	0.0248966888302123
"2.6"	-61.249757	48.164506	536377.311145493	490105.572835156	"2018"	0.121396930608945	0.0219207239287828
"3.1"	-61.7637307692308	45.8336828205128	522781.229103154	228891.006830664	"2018"	9.41785332418375	111.198330498344
"3.2"	-61.75005525	46.1677375	520342.221395964	265956.570860579	"2018"	3.70536897192112	17.1501774895958
"3.3"	-61.7483046153846	46.4992884615385	517007.009451745	302635.547333685	"2018"	4.24716686596696	22.3910649671974
"3.4"	-61.74711625	46.832917	513607.623211568	339518.89023448	"2018"	2.64200251228562	8.73973086214795
"3.5"	-61.75069	47.1599873170732	509918.766809975	375623.75670084	"2018"	2.26222051960735	6.33997395886922
"3.6"	-61.8283812195122	47.5850885365854	499677.478040302	422010.615230489	"2018"	0.343887186117006	0.148243053354163
"3.7"	-61.7473371052632	47.8309984210526	503161.171188203	449715.830809922	"2018"	0.239327964932011	0.0725034821405764
"3.8"	-61.746232051282	48.1685343589744	499718.885476494	486955.508090221	"2018"	0.130784481586537	0.023078826795431
"3.9"	-61.7488010810811	48.3275886486486	497869.760815293	504476.493661616	"2018"	0.0506370889905572	0.00356056959492136
"4.1"	-62.24718475	45.83468	485351.413587291	225595.978590349	"2018"	9.51031852300731	113.30430938274
"4.2"	-62.2434276923077	46.1633033333333	482452.767287601	262008.976970938	"2018"	28.2732198337463	997.718911032779
"4.3"	-62.250151025641	46.5709517948718	477985.988029402	307071.704417749	"2018"	12.2446880979584	185.928698377054
"4.4"	-62.2505841463415	46.8321714634146	475423.655106098	335957.255319153	"2018"	1.87055781098115	4.33306551831717
"4.5"	-62.2521246341463	47.1651790243902	472084.728170839	372756.753925677	"2018"	1.79045181684397	3.97354417178586
"4.6"	-62.24517	47.5011043902439	469356.688484007	409915.382459566	"2018"	1.77662366021507	3.95076193580805
"4.7"	-62.2483505128205	47.8323856410256	465914.59086071	446476.524059965	"2018"	0.669498977512188	0.561667614040937
"4.8"	-62.2504902564103	48.1688097435897	462504.340291844	483595.651234126	"2018"	0.462122520183256	0.27336697744464
"4.9"	-62.2470755263158	48.3859226315789	460657.842687668	507573.096047843	"2018"	0.108180691629113	0.016546603714857
"5.1"	-62.7493007692308	46.5058253846154	440477.550379991	296661.878309954	"2018"	11.3925364546545	166.090740128551
"5.2"	-62.7510334146341	46.8296082926829	437460.379930388	332481.664246332	"2018"	4.16509988118572	21.7039352924261
"5.3"	-62.7504125	47.16851725	434489.329611461	369969.419551971	"2018"	2.57890513122191	8.27499894518312
"5.4"	-62.7492063414634	47.4997248780488	431631.582391272	406589.877635884	"2018"	2.69698311537781	9.03675778124312
"5.5"	-62.74741075	47.83225475	428806.100789692	443342.162514868	"2018"	4.7035850154439	27.5735224564318
"5.6"	-62.7519592682927	48.1672929268293	425489.201159275	480316.822176966	"2018"	3.67942478987151	17.0085569556694
"5.7"	-62.747265	48.4304765789474	423495.157736089	509399.680779149	"2018"	0.925384393513172	1.12587734785027
"6.1"	-63.2491402564103	46.5102930769231	402227.751240551	294213.437413658	"2018"	23.5200396466177	687.837105714859
"6.2"	-63.2513482926829	46.8322463414634	399439.65018915	329847.976858142	"2018"	7.32780477818353	66.7704853928908
"6.3"	-63.2510085365854	47.1676492682927	396738.067509929	366965.993357103	"2018"	6.70999427848919	55.8973035465754
"6.4"	-63.2500287804878	47.498067804878	394126.01073903	403517.092168064	"2018"	7.99164073273725	79.6782579069302
"6.5"	-63.248466	47.834712	391507.052326201	440741.797609754	"2018"	11.6819892344027	169.722808803391
"6.6"	-63.2519595121951	48.1677836585366	388543.07675857	477527.130966415	"2018"	18.5345266492811	426.029090446039
"6.7"	-63.2472797435897	48.4961161538462	386222.153699888	513817.841434508	"2018"	4.95626706851484	31.0825983442477
"6.8"	-63.2502525	48.70224625	384331.222462968	536562.272363894	"2018"	1.40163201957286	2.64585643347401
"7.1"	-63.7464597560976	46.8334304878049	361809.647637546	327345.59855544	"2018"	27.4590620344043	963.189307255045
"7.2"	-63.7521	47.16577375	358936.059132761	364112.673385711	"2018"	25.8127727378686	847.24918961606
"7.3"	-63.749593902439	47.5006512195122	356661.650815312	401182.17278995	"2018"	26.2912613014663	856.486613034183
"7.4"	-63.750308	47.833669	354159.767423131	438011.844371817	"2018"	41.3050231652697	2116.23565679299
"7.5"	-63.7489702439024	48.1676275609756	351804.534465203	474938.878470963	"2018"	36.5524130392993	1662.81573990136
"7.6"	-63.7488834146341	48.498637804878	349378.777948225	511518.254921844	"2018"	16.2130885020909	332.160953993734
"7.7"	-63.7510243589744	48.8298515384615	346789.94894362	548094.97044429	"2018"	1.81197910547844	4.49344497440235
"8.1"	-64.3730758974359	46.8332743589744	314173.468348785	324368.658229168	"2018"	7.58782781405943	72.0730962553323
"8.2"	-64.25039625	47.1666125	321306.779365656	361837.14568484	"2018"	28.0740078074992	979.283244414451
"8.3"	-64.250246097561	47.500507804878	319120.314489205	398802.322525997	"2018"	43.3101428120607	2325.43131697134
"8.4"	-64.2504348717949	47.8342966666667	316910.218128317	435736.23285387	"2018"	88.3883939893877	9929.12243678659
"8.5"	-64.2552680487805	48.16834	314356.094123475	472661.040811167	"2018"	58.9215129708184	4419.1937360637
"8.6"	-64.08243375	48.4981325	324886.569876582	509890.997265977	"2018"	21.4292052542854	578.39197816925
"8.7"	-64.0885979487179	48.7484051282051	322726.770506379	537518.766384427	"2018"	8.04496109994978	83.6186816404558
"9.1"	-64.6664007317073	46.8345875609756	291857.687428302	323272.120984389	"2018"	28.102431590092	988.899455991048
"9.2"	-64.74548	47.1700507317073	283890.788511935	360124.435980723	"2018"	26.1035280539846	871.789875598945
"9.3"	-64.6624956097561	47.501352195122	288190.146874108	397146.465984739	"2018"	75.8298936606946	7345.84930498497
"9.4"	-64.75479125	47.93580625	278746.181661153	444868.431379192	"2018"	60.7860575510549	4610.06065929993
"9.5"	-64.7479702564103	48.1625905128205	277936.605103154	469986.114073412	"2018"	119.296914387504	17686.5092941232
"1.1"	-60.9173561290323	46.8318080645161	576506.761688737	345716.596799721	"2019"	0.490778742446055	0.310692712093226
"1.2"	-60.7518202564103	47.1677838461538	585015.132779311	384126.153365578	"2019"	0.793648749882474	0.813205910842676
"1.3"	-60.7518171794872	47.4991305128205	581044.327850851	420658.123280453	"2019"	0.29973965337522	0.137127220689434
"1.4"	-60.7516643243243	47.8320867567568	577067.272234514	457350.99505047	"2019"	0.14229593779151	0.0330530103989313
"1.5"	-60.7526330555556	48.1658583333333	572999.485433382	494107.962817711	"2019"	0.0560039360529409	0.00514665438412329
"10.1"	-65.248061	47.9340275	242069.540821145	442876.545197071	"2019"	31.2459033179761	1254.98094174115
"11.1"	-65.7493197435897	47.9999905128205	204495.759083768	448615.006944755	"2019"	72.050227923169	6670.60422721255
"12.1"	-66.12838	48.0495311111111	176144.283722934	453092.182698747	"2019"	12.0366821928761	183.009304354789
"2.1"	-61.2526164102564	46.5002064102564	554828.325564076	306449.255368057	"2019"	0.248622779744153	0.0801310803836888
"2.2"	-61.2438139473684	46.832285	551767.937178606	343195.641458842	"2019"	0.23910136598938	0.0721392820219061
"2.3"	-61.252303	47.16639625	547376.253565787	380013.146143648	"2019"	0.324707694939466	0.138303713963502
"2.4"	-61.2342417073171	47.4981892682927	545005.94223114	416758.667907858	"2019"	0.19955864068547	0.0532349083272352
"2.5"	-61.2438780487805	47.8291019512195	540572.515011676	453178.259948557	"2019"	0.138795574753964	0.0287399070281982
"2.6"	-61.249757	48.164506	536377.311145493	490105.572835156	"2019"	0.153124552277198	0.037430261958566
"3.1"	-61.7637307692308	45.8336828205128	522781.229103154	228891.006830664	"2019"	1.32961167084206	2.58119329171605
"3.2"	-61.75005525	46.1677375	520342.221395964	265956.570860579	"2019"	0.368933219912811	0.194004906371521
"3.3"	-61.7483046153846	46.4992884615385	517007.009451745	302635.547333685	"2019"	0.433166203113573	0.241791861829914
"3.4"	-61.74711625	46.832917	513607.623211568	339518.89023448	"2019"	0.314695788963973	0.130539831021713
"3.5"	-61.75069	47.1599873170732	509918.766809975	375623.75670084	"2019"	0.33450274502579	0.140361181674628
"3.6"	-61.8283812195122	47.5850885365854	499677.478040302	422010.615230489	"2019"	0.137789486626365	0.0252023648520166
"3.7"	-61.7473371052632	47.8309984210526	503161.171188203	449715.830809922	"2019"	0.157120727249318	0.0339472726109928
"3.8"	-61.746232051282	48.1685343589744	499718.885476494	486955.508090221	"2019"	0.112879077853486	0.0198920307512697
"3.9"	-61.7488010810811	48.3275886486486	497869.760815293	504476.493661616	"2019"	0.0371102397320371	0.00215458564586387
"4.1"	-62.24718475	45.83468	485351.413587291	225595.978590349	"2019"	0.559772057314394	0.421027375883222
"4.2"	-62.2434276923077	46.1633033333333	482452.767287601	262008.976970938	"2019"	1.2935031397235	2.23322685081767
"4.3"	-62.250151025641	46.5709517948718	477985.988029402	307071.704417749	"2019"	2.28146389935811	6.58770291330691
"4.4"	-62.2505841463415	46.8321714634146	475423.655106098	335957.255319153	"2019"	0.517484037374029	0.335629301471944
"4.5"	-62.2521246341463	47.1651790243902	472084.728170839	372756.753925677	"2019"	0.481175797300581	0.292148080308172
"4.6"	-62.24517	47.5011043902439	469356.688484007	409915.382459566	"2019"	0.798112395970712	0.87060715272416
"4.7"	-62.2483505128205	47.8323856410256	465914.59086071	446476.524059965	"2019"	0.280288097009233	0.109462301019993
"4.8"	-62.2504902564103	48.1688097435897	462504.340291844	483595.651234126	"2019"	0.179684980403772	0.0498442991590933
"4.9"	-62.2470755263158	48.3859226315789	460657.842687668	507573.096047843	"2019"	0.0363894401201939	0.00219411724228653
"5.1"	-62.7493007692308	46.5058253846154	440477.550379991	296661.878309954	"2019"	5.17284661488282	34.5582666243351
"5.2"	-62.7510334146341	46.8296082926829	437460.379930388	332481.664246332	"2019"	3.1439071155627	12.752002593315
"5.3"	-62.7504125	47.16851725	434489.329611461	369969.419551971	"2019"	1.86022489879771	4.39374551705406
"5.4"	-62.7492063414634	47.4997248780488	431631.582391272	406589.877635884	"2019"	1.21855498971543	1.91331505373506
"5.5"	-62.74741075	47.83225475	428806.100789692	443342.162514868	"2019"	1.17684964103187	1.93100149637652
"5.6"	-62.7519592682927	48.1672929268293	425489.201159275	480316.822176966	"2019"	0.347159395617087	0.183555616974691
"5.7"	-62.747265	48.4304765789474	423495.157736089	509399.680779149	"2019"	0.110394802730015	0.0200252220590665
"6.1"	-63.2491402564103	46.5102930769231	402227.751240551	294213.437413658	"2019"	25.9414507744542	843.026025694943
"6.2"	-63.2513482926829	46.8322463414634	399439.65018915	329847.976858142	"2019"	14.2694850777257	255.121907287556
"6.3"	-63.2510085365854	47.1676492682927	396738.067509929	366965.993357103	"2019"	8.29526898768846	86.0997030162782
"6.4"	-63.2500287804878	47.498067804878	394126.01073903	403517.092168064	"2019"	3.80639519352059	18.5888888777699
"6.5"	-63.248466	47.834712	391507.052326201	440741.797609754	"2019"	1.8587834380394	4.49594305729972
"6.6"	-63.2519595121951	48.1677836585366	388543.07675857	477527.130966415	"2019"	1.1181578942811	1.65619603806139
"6.7"	-63.2472797435897	48.4961161538462	386222.153699888	513817.841434508	"2019"	0.428250468978015	0.287784025934265
"6.8"	-63.2502525	48.70224625	384331.222462968	536562.272363894	"2019"	0.248661583603625	0.102546051830226
"7.1"	-63.7464597560976	46.8334304878049	361809.647637546	327345.59855544	"2019"	72.4382111907751	6732.68600261216
"7.2"	-63.7521	47.16577375	358936.059132761	364112.673385711	"2019"	53.0699562359613	3598.87136821435
"7.3"	-63.749593902439	47.5006512195122	356661.650815312	401182.17278995	"2019"	22.0564036455191	605.943624378038
"7.4"	-63.750308	47.833669	354159.767423131	438011.844371817	"2019"	11.9893053020259	180.539264475227
"7.5"	-63.7489702439024	48.1676275609756	351804.534465203	474938.878470963	"2019"	8.61776219332196	96.4165569943306
"7.6"	-63.7488834146341	48.498637804878	349378.777948225	511518.254921844	"2019"	1.96368951221927	5.71883977104435
"7.7"	-63.7510243589744	48.8298515384615	346789.94894362	548094.97044429	"2019"	0.399140930263112	0.258691106656697
"8.1"	-64.3730758974359	46.8332743589744	314173.468348785	324368.658229168	"2019"	4.12674567183121	21.4118966128623
"8.2"	-64.25039625	47.1666125	321306.779365656	361837.14568484	"2019"	44.7728652294461	2497.53286126719
"8.3"	-64.250246097561	47.500507804878	319120.314489205	398802.322525997	"2019"	76.009539524415	7184.13644109491
"8.4"	-64.2504348717949	47.8342966666667	316910.218128317	435736.23285387	"2019"	74.1044879755393	7022.30237975364
"8.5"	-64.2552680487805	48.16834	314356.094123475	472661.040811167	"2019"	51.4631507799737	3400.28424179073
"8.6"	-64.08243375	48.4981325	324886.569876582	509890.997265977	"2019"	5.55604687909612	42.7444445547712
"8.7"	-64.0885979487179	48.7484051282051	322726.770506379	537518.766384427	"2019"	2.62081318391505	10.346946634019
"9.1"	-64.6664007317073	46.8345875609756	291857.687428302	323272.120984389	"2019"	7.20778185911625	65.2716004229883
"9.2"	-64.74548	47.1700507317073	283890.788511935	360124.435980723	"2019"	21.4336294533847	589.324837842253
"9.3"	-64.6624956097561	47.501352195122	288190.146874108	397146.465984739	"2019"	144.05005055955	26602.6287635148
"9.4"	-64.75479125	47.93580625	278746.181661153	444868.431379192	"2019"	38.0916080468009	1825.57389857897
"9.5"	-64.7479702564103	48.1625905128205	277936.605103154	469986.114073412	"2019"	61.4289086528274	4725.73573064624
"1.1"	-60.9173561290323	46.8318080645161	576506.761688737	345716.596799721	"2021"	2.36381386339623	6.96020043499592
"1.2"	-60.7518202564103	47.1677838461538	585015.132779311	384126.153365578	"2021"	1.77858764555782	3.95286496195148
"1.3"	-60.7518171794872	47.4991305128205	581044.327850851	420658.123280453	"2021"	0.23795266864798	0.0775214204949648
"1.4"	-60.7516643243243	47.8320867567568	577067.272234514	457350.99505047	"2021"	0.107398891455609	0.0178454525361526
"1.5"	-60.7526330555556	48.1658583333333	572999.485433382	494107.962817711	"2021"	0.0425975100374247	0.00288955751865136
"10.1"	-65.248061	47.9340275	242069.540821145	442876.545197071	"2021"	6.86723728662536	60.4646669679644
"11.1"	-65.7493197435897	47.9999905128205	204495.759083768	448615.006944755	"2021"	18.7936280024674	452.61518763114
"12.1"	-66.12838	48.0495311111111	176144.283722934	453092.182698747	"2021"	3.95221960650337	19.6354799922561
"2.1"	-61.2526164102564	46.5002064102564	554828.325564076	306449.255368057	"2021"	1.6507457379038	3.38809225097008
"2.2"	-61.2438139473684	46.832285	551767.937178606	343195.641458842	"2021"	1.11588910248675	1.54543060036395
"2.3"	-61.252303	47.16639625	547376.253565787	380013.146143648	"2021"	0.896503981797237	1.02298838074326
"2.4"	-61.2342417073171	47.4981892682927	545005.94223114	416758.667907858	"2021"	0.3434629474529	0.155376670433569
"2.5"	-61.2438780487805	47.8291019512195	540572.515011676	453178.259948557	"2021"	0.256718217859504	0.0986684363946051
"2.6"	-61.249757	48.164506	536377.311145493	490105.572835156	"2021"	0.192028903962152	0.0587129111290399
"3.1"	-61.7637307692308	45.8336828205128	522781.229103154	228891.006830664	"2021"	8.01274164685234	80.6913723932936
"3.2"	-61.75005525	46.1677375	520342.221395964	265956.570860579	"2021"	2.09069399871721	5.47751990412829
"3.3"	-61.7483046153846	46.4992884615385	517007.009451745	302635.547333685	"2021"	1.71147168022963	3.64461892282732
"3.4"	-61.74711625	46.832917	513607.623211568	339518.89023448	"2021"	0.580089731863654	0.427226824269387
"3.5"	-61.75069	47.1599873170732	509918.766809975	375623.75670084	"2021"	0.806470985722982	0.812387992264191
"3.6"	-61.8283812195122	47.5850885365854	499677.478040302	422010.615230489	"2021"	1.57267843032787	3.45089126435852
"3.7"	-61.7473371052632	47.8309984210526	503161.171188203	449715.830809922	"2021"	1.29844149777945	2.48817941354379
"3.8"	-61.746232051282	48.1685343589744	499718.885476494	486955.508090221	"2021"	0.222974249412831	0.078264561732534
"3.9"	-61.7488010810811	48.3275886486486	497869.760815293	504476.493661616	"2021"	0.0670809680301733	0.00720350805170474
"4.1"	-62.24718475	45.83468	485351.413587291	225595.978590349	"2021"	3.40066886661228	14.5729346433127
"4.2"	-62.2434276923077	46.1633033333333	482452.767287601	262008.976970938	"2021"	5.88746300802672	43.614859645094
"4.3"	-62.250151025641	46.5709517948718	477985.988029402	307071.704417749	"2021"	3.72447852030675	17.3106571969615
"4.4"	-62.2505841463415	46.8321714634146	475423.655106098	335957.255319153	"2021"	0.41566058134079	0.215342511493682
"4.5"	-62.2521246341463	47.1651790243902	472084.728170839	372756.753925677	"2021"	0.71492937048127	0.642536969302729
"4.6"	-62.24517	47.5011043902439	469356.688484007	409915.382459566	"2021"	9.83319869314839	130.007848647474
"4.7"	-62.2483505128205	47.8323856410256	465914.59086071	446476.524059965	"2021"	3.59856802351603	18.3906633366292
"4.8"	-62.2504902564103	48.1688097435897	462504.340291844	483595.651234126	"2021"	0.697130158714648	0.745456036210373
"4.9"	-62.2470755263158	48.3859226315789	460657.842687668	507573.096047843	"2021"	0.0717240101483621	0.00848021877045889
"5.1"	-62.7493007692308	46.5058253846154	440477.550379991	296661.878309954	"2021"	2.78295125745381	10.0186989408437
"5.2"	-62.7510334146341	46.8296082926829	437460.379930388	332481.664246332	"2021"	1.0377393772162	1.41348643632084
"5.3"	-62.7504125	47.16851725	434489.329611461	369969.419551971	"2021"	0.971529401594124	1.2072353133026
"5.4"	-62.7492063414634	47.4997248780488	431631.582391272	406589.877635884	"2021"	2.64483815558329	8.95737308589153
"5.5"	-62.74741075	47.83225475	428806.100789692	443342.162514868	"2021"	3.80134031749876	19.4878482888575
"5.6"	-62.7519592682927	48.1672929268293	425489.201159275	480316.822176966	"2021"	0.939723842378664	1.32115033289049
"5.7"	-62.747265	48.4304765789474	423495.157736089	509399.680779149	"2021"	0.182778651939792	0.0537478977175686
"6.1"	-63.2491402564103	46.5102930769231	402227.751240551	294213.437413658	"2021"	10.23933183828	133.684253810419
"6.2"	-63.2513482926829	46.8322463414634	399439.65018915	329847.976858142	"2021"	3.6098829176428	17.0254194472769
"6.3"	-63.2510085365854	47.1676492682927	396738.067509929	366965.993357103	"2021"	2.59131937594126	8.54415990683873
"6.4"	-63.2500287804878	47.498067804878	394126.01073903	403517.092168064	"2021"	2.38547804031582	7.37804207445455
"6.5"	-63.248466	47.834712	391507.052326201	440741.797609754	"2021"	2.07823396038871	5.63698250122372
"6.6"	-63.2519595121951	48.1677836585366	388543.07675857	477527.130966415	"2021"	1.93400153814987	4.95785797287661
"6.7"	-63.2472797435897	48.4961161538462	386222.153699888	513817.841434508	"2021"	0.555010559413091	0.436908105447517
"6.8"	-63.2502525	48.70224625	384331.222462968	536562.272363894	"2021"	0.177235929652127	0.0458380254557485
"7.1"	-63.7464597560976	46.8334304878049	361809.647637546	327345.59855544	"2021"	25.4111715116699	836.468488905208
"7.2"	-63.7521	47.16577375	358936.059132761	364112.673385711	"2021"	16.5915660354434	354.10435437367
"7.3"	-63.749593902439	47.5006512195122	356661.650815312	401182.17278995	"2021"	7.05252050926095	62.2566801472336
"7.4"	-63.750308	47.833669	354159.767423131	438011.844371817	"2021"	5.74883995819932	41.608067020411
"7.5"	-63.7489702439024	48.1676275609756	351804.534465203	474938.878470963	"2021"	7.27114820122449	67.569921957686
"7.6"	-63.7488834146341	48.498637804878	349378.777948225	511518.254921844	"2021"	3.39572630517742	14.9131171237481
"7.7"	-63.7510243589744	48.8298515384615	346789.94894362	548094.97044429	"2021"	0.632922337417139	0.52693889973018
"8.1"	-64.3730758974359	46.8332743589744	314173.468348785	324368.658229168	"2021"	14.4290733986002	265.331611443991
"8.2"	-64.25039625	47.1666125	321306.779365656	361837.14568484	"2021"	36.8674696300263	1703.9196428673
"8.3"	-64.250246097561	47.500507804878	319120.314489205	398802.322525997	"2021"	25.8251264958273	831.375168858529
"8.4"	-64.2504348717949	47.8342966666667	316910.218128317	435736.23285387	"2021"	32.5578698942208	1355.14893168202
"8.5"	-64.2552680487805	48.16834	314356.094123475	472661.040811167	"2021"	23.4965480798923	705.486580397498
"8.6"	-64.08243375	48.4981325	324886.569876582	509890.997265977	"2021"	13.7156957645477	237.774279178875
"8.7"	-64.0885979487179	48.7484051282051	322726.770506379	537518.766384427	"2021"	9.84059953483253	122.922724963216
"9.1"	-64.6664007317073	46.8345875609756	291857.687428302	323272.120984389	"2021"	35.3636597196303	1584.62447358655
"9.2"	-64.74548	47.1700507317073	283890.788511935	360124.435980723	"2021"	24.0084907027489	741.599610228331
"9.3"	-64.6624956097561	47.501352195122	288190.146874108	397146.465984739	"2021"	38.246815539683	1878.0457321338
"9.4"	-64.75479125	47.93580625	278746.181661153	444868.431379192	"2021"	10.351063562237	134.16589989304
"9.5"	-64.7479702564103	48.1625905128205	277936.605103154	469986.114073412	"2021"	26.4718980107504	871.484952212257
"1.1"	-60.9173561290323	46.8318080645161	576506.761688737	345716.596799721	"2022"	4.49216478060207	25.0675801465917
"1.2"	-60.7518202564103	47.1677838461538	585015.132779311	384126.153365578	"2022"	2.9489339929713	10.8078386725132
"1.3"	-60.7518171794872	47.4991305128205	581044.327850851	420658.123280453	"2022"	0.805585829533452	0.835011562863455
"1.4"	-60.7516643243243	47.8320867567568	577067.272234514	457350.99505047	"2022"	0.43378118144071	0.250530830435871
"1.5"	-60.7526330555556	48.1658583333333	572999.485433382	494107.962817711	"2022"	0.252165769701439	0.0847629290455186
"10.1"	-65.248061	47.9340275	242069.540821145	442876.545197071	"2022"	27.5022682897266	966.143640632289
"11.1"	-65.7493197435897	47.9999905128205	204495.759083768	448615.006944755	"2022"	74.5045720422338	7095.41119327055
"12.1"	-66.12838	48.0495311111111	176144.283722934	453092.182698747	"2022"	11.4680135600896	164.911797897808
"2.1"	-61.2526164102564	46.5002064102564	554828.325564076	306449.255368057	"2022"	5.30094877847616	34.8792028593946
"2.2"	-61.2438139473684	46.832285	551767.937178606	343195.641458842	"2022"	3.59826002704686	16.038699095694
"2.3"	-61.252303	47.16639625	547376.253565787	380013.146143648	"2022"	1.4852352623888	2.75811368985348
"2.4"	-61.2342417073171	47.4981892682927	545005.94223114	416758.667907858	"2022"	0.700605787205455	0.616135058388642
"2.5"	-61.2438780487805	47.8291019512195	540572.515011676	453178.259948557	"2022"	0.920628094841773	1.09483666013507
"2.6"	-61.249757	48.164506	536377.311145493	490105.572835156	"2022"	1.15085086028701	1.72752079910725
"3.1"	-61.7637307692308	45.8336828205128	522781.229103154	228891.006830664	"2022"	17.550437716461	385.749162323816
"3.2"	-61.75005525	46.1677375	520342.221395964	265956.570860579	"2022"	6.77004419156088	57.183490795144
"3.3"	-61.7483046153846	46.4992884615385	517007.009451745	302635.547333685	"2022"	12.781929254329	202.677823483999
"3.4"	-61.74711625	46.832917	513607.623211568	339518.89023448	"2022"	5.89033747389355	43.3557173715933
"3.5"	-61.75069	47.1599873170732	509918.766809975	375623.75670084	"2022"	2.30906926752316	6.60382884218916
"3.6"	-61.8283812195122	47.5850885365854	499677.478040302	422010.615230489	"2022"	2.46557317552822	7.61859469130034
"3.7"	-61.7473371052632	47.8309984210526	503161.171188203	449715.830809922	"2022"	3.46750005358198	15.1573716259557
"3.8"	-61.746232051282	48.1685343589744	499718.885476494	486955.508090221	"2022"	1.66476562730085	3.56790132401089
"3.9"	-61.7488010810811	48.3275886486486	497869.760815293	504476.493661616	"2022"	0.587452907263515	0.446186636120721
"4.1"	-62.24718475	45.83468	485351.413587291	225595.978590349	"2022"	7.60906317526432	72.5004782115852
"4.2"	-62.2434276923077	46.1633033333333	482452.767287601	262008.976970938	"2022"	16.6052946135703	344.034665171499
"4.3"	-62.250151025641	46.5709517948718	477985.988029402	307071.704417749	"2022"	22.5953576703073	633.120904399658
"4.4"	-62.2505841463415	46.8321714634146	475423.655106098	335957.255319153	"2022"	4.96092517419757	30.481255770985
"4.5"	-62.2521246341463	47.1651790243902	472084.728170839	372756.753925677	"2022"	3.31918154948909	13.6602150712511
"4.6"	-62.24517	47.5011043902439	469356.688484007	409915.382459566	"2022"	8.65797361881204	93.8756709620159
"4.7"	-62.2483505128205	47.8323856410256	465914.59086071	446476.524059965	"2022"	8.07211010660022	81.4604745866933
"4.8"	-62.2504902564103	48.1688097435897	462504.340291844	483595.651234126	"2022"	4.09991667449547	21.117891146005
"4.9"	-62.2470755263158	48.3859226315789	460657.842687668	507573.096047843	"2022"	0.833640719604036	0.902503580156518
"5.1"	-62.7493007692308	46.5058253846154	440477.550379991	296661.878309954	"2022"	9.38224591386443	112.652928892638
"5.2"	-62.7510334146341	46.8296082926829	437460.379930388	332481.664246332	"2022"	5.28403141719081	34.9437387510505
"5.3"	-62.7504125	47.16851725	434489.329611461	369969.419551971	"2022"	4.0576897069473	20.4948566671766
"5.4"	-62.7492063414634	47.4997248780488	431631.582391272	406589.877635884	"2022"	3.97499652433996	19.6315428679128
"5.5"	-62.74741075	47.83225475	428806.100789692	443342.162514868	"2022"	8.02797425940423	80.1835200470201
"5.6"	-62.7519592682927	48.1672929268293	425489.201159275	480316.822176966	"2022"	5.02158342354677	31.425318849715
"5.7"	-62.747265	48.4304765789474	423495.157736089	509399.680779149	"2022"	2.54814958722981	8.22293966713103
"6.1"	-63.2491402564103	46.5102930769231	402227.751240551	294213.437413658	"2022"	10.5580276502879	138.629040834866
"6.2"	-63.2513482926829	46.8322463414634	399439.65018915	329847.976858142	"2022"	3.53572142097725	15.5481367975968
"6.3"	-63.2510085365854	47.1676492682927	396738.067509929	366965.993357103	"2022"	2.58481942762673	8.29552361133551
"6.4"	-63.2500287804878	47.498067804878	394126.01073903	403517.092168064	"2022"	2.29748619371039	6.58096262561943
"6.5"	-63.248466	47.834712	391507.052326201	440741.797609754	"2022"	3.20770296971392	12.7765636124604
"6.6"	-63.2519595121951	48.1677836585366	388543.07675857	477527.130966415	"2022"	5.76719630056498	41.1665823127758
"6.7"	-63.2472797435897	48.4961161538462	386222.153699888	513817.841434508	"2022"	5.67868770133716	40.2108322994161
"6.8"	-63.2502525	48.70224625	384331.222462968	536562.272363894	"2022"	4.40074818934227	24.6693210860107
"7.1"	-63.7464597560976	46.8334304878049	361809.647637546	327345.59855544	"2022"	9.90270222592195	125.258785416827
"7.2"	-63.7521	47.16577375	358936.059132761	364112.673385711	"2022"	3.77403285631855	18.1050506022712
"7.3"	-63.749593902439	47.5006512195122	356661.650815312	401182.17278995	"2022"	3.04406767314291	11.4770196043608
"7.4"	-63.750308	47.833669	354159.767423131	438011.844371817	"2022"	6.22583438872935	48.0245774232424
"7.5"	-63.7489702439024	48.1676275609756	351804.534465203	474938.878470963	"2022"	11.9381868033263	176.790460827906
"7.6"	-63.7488834146341	48.498637804878	349378.777948225	511518.254921844	"2022"	7.38250087776578	67.8770840454185
"7.7"	-63.7510243589744	48.8298515384615	346789.94894362	548094.97044429	"2022"	3.03118286545018	11.6221435956336
"8.1"	-64.3730758974359	46.8332743589744	314173.468348785	324368.658229168	"2022"	5.43306885863454	36.935153974074
"8.2"	-64.25039625	47.1666125	321306.779365656	361837.14568484	"2022"	9.27216682674427	106.779679058201
"8.3"	-64.250246097561	47.500507804878	319120.314489205	398802.322525997	"2022"	10.0372297491263	124.82429941064
"8.4"	-64.2504348717949	47.8342966666667	316910.218128317	435736.23285387	"2022"	18.0840349615874	414.691899605552
"8.5"	-64.2552680487805	48.16834	314356.094123475	472661.040811167	"2022"	21.4959382812167	585.829507544947
"8.6"	-64.08243375	48.4981325	324886.569876582	509890.997265977	"2022"	10.1845087303797	129.097385102065
"8.7"	-64.0885979487179	48.7484051282051	322726.770506379	537518.766384427	"2022"	7.37186904388745	68.0241400143911
"9.1"	-64.6664007317073	46.8345875609756	291857.687428302	323272.120984389	"2022"	23.4824327259209	690.07161791505
"9.2"	-64.74548	47.1700507317073	283890.788511935	360124.435980723	"2022"	28.5429379502932	1041.43986464043
"9.3"	-64.6624956097561	47.501352195122	288190.146874108	397146.465984739	"2022"	46.5363795203681	2762.6023223111
"9.4"	-64.75479125	47.93580625	278746.181661153	444868.431379192	"2022"	14.6228635244005	266.012423374882
"9.5"	-64.7479702564103	48.1625905128205	277936.605103154	469986.114073412	"2022"	30.2112748778902	1131.53911887822
"1.1"	-60.9173561290323	46.8318080645161	576506.761688737	345716.596799721	"2023"	2.78230218347067	9.63007440806957
"1.2"	-60.7518202564103	47.1677838461538	585015.132779311	384126.153365578	"2023"	1.5775690366542	3.1003787689452
"1.3"	-60.7518171794872	47.4991305128205	581044.327850851	420658.123280453	"2023"	0.147350062824999	0.0289355811345424
"1.4"	-60.7516643243243	47.8320867567568	577067.272234514	457350.99505047	"2023"	0.0420902277480331	0.00270122922752394
"1.5"	-60.7526330555556	48.1658583333333	572999.485433382	494107.962817711	"2023"	0.016002244674978	0.000413300465248572
"10.1"	-65.248061	47.9340275	242069.540821145	442876.545197071	"2023"	33.3601385624362	1430.12446991887
"11.1"	-65.7493197435897	47.9999905128205	204495.759083768	448615.006944755	"2023"	220.567731487947	62470.0829054345
"12.1"	-66.12838	48.0495311111111	176144.283722934	453092.182698747	"2023"	67.2091370905927	5695.94278829282
"2.1"	-61.2526164102564	46.5002064102564	554828.325564076	306449.255368057	"2023"	2.76471112223672	9.50414674255588
"2.2"	-61.2438139473684	46.832285	551767.937178606	343195.641458842	"2023"	1.70564085653147	3.60723724208237
"2.3"	-61.252303	47.16639625	547376.253565787	380013.146143648	"2023"	0.886382995729684	0.986716915141344
"2.4"	-61.2342417073171	47.4981892682927	545005.94223114	416758.667907858	"2023"	0.129994035273606	0.0213481126445538
"2.5"	-61.2438780487805	47.8291019512195	540572.515011676	453178.259948557	"2023"	0.0476023644990885	0.00306275806958746
"2.6"	-61.249757	48.164506	536377.311145493	490105.572835156	"2023"	0.0525828136958017	0.00435305576989141
"3.1"	-61.7637307692308	45.8336828205128	522781.229103154	228891.006830664	"2023"	11.8777329485851	177.486487979374
"3.2"	-61.75005525	46.1677375	520342.221395964	265956.570860579	"2023"	5.12529390655462	32.9688988710963
"3.3"	-61.7483046153846	46.4992884615385	517007.009451745	302635.547333685	"2023"	4.5873424596008	26.2113546048838
"3.4"	-61.74711625	46.832917	513607.623211568	339518.89023448	"2023"	1.94841881660672	4.81071919797522
"3.5"	-61.75069	47.1599873170732	509918.766809975	375623.75670084	"2023"	1.36805855698477	2.32415370811742
"3.6"	-61.8283812195122	47.5850885365854	499677.478040302	422010.615230489	"2023"	0.149913290990723	0.0285814418348389
"3.7"	-61.7473371052632	47.8309984210526	503161.171188203	449715.830809922	"2023"	0.112990285052673	0.0166744456655677
"3.8"	-61.746232051282	48.1685343589744	499718.885476494	486955.508090221	"2023"	0.0673291037710603	0.00701299977538724
"3.9"	-61.7488010810811	48.3275886486486	497869.760815293	504476.493661616	"2023"	0.0273687284493995	0.00119917694572279
"4.1"	-62.24718475	45.83468	485351.413587291	225595.978590349	"2023"	8.63079734931019	93.9689743163294
"4.2"	-62.2434276923077	46.1633033333333	482452.767287601	262008.976970938	"2023"	22.110569816595	616.953632855836
"4.3"	-62.250151025641	46.5709517948718	477985.988029402	307071.704417749	"2023"	15.5164271535418	301.754715124941
"4.4"	-62.2505841463415	46.8321714634146	475423.655106098	335957.255319153	"2023"	1.29057011642072	2.08352751702247
"4.5"	-62.2521246341463	47.1651790243902	472084.728170839	372756.753925677	"2023"	0.516839309511017	0.33515137851778
"4.6"	-62.24517	47.5011043902439	469356.688484007	409915.382459566	"2023"	0.679879383011046	0.598153418006356
"4.7"	-62.2483505128205	47.8323856410256	465914.59086071	446476.524059965	"2023"	0.353167449558697	0.163547675455156
"4.8"	-62.2504902564103	48.1688097435897	462504.340291844	483595.651234126	"2023"	0.226659494833578	0.0724265055678187
"4.9"	-62.2470755263158	48.3859226315789	460657.842687668	507573.096047843	"2023"	0.0458224675014201	0.00338111354326916
"5.1"	-62.7493007692308	46.5058253846154	440477.550379991	296661.878309954	"2023"	15.9302623803029	328.937921127019
"5.2"	-62.7510334146341	46.8296082926829	437460.379930388	332481.664246332	"2023"	2.3886690627735	7.75965061658027
"5.3"	-62.7504125	47.16851725	434489.329611461	369969.419551971	"2023"	0.407750548277052	0.216033907831862
"5.4"	-62.7492063414634	47.4997248780488	431631.582391272	406589.877635884	"2023"	0.569398670090046	0.420823465853215
"5.5"	-62.74741075	47.83225475	428806.100789692	443342.162514868	"2023"	1.8499083162426	4.59115240914722
"5.6"	-62.7519592682927	48.1672929268293	425489.201159275	480316.822176966	"2023"	1.11202835181757	1.68112538644799
"5.7"	-62.747265	48.4304765789474	423495.157736089	509399.680779149	"2023"	0.234516511959022	0.0841320465906727
"6.1"	-63.2491402564103	46.5102930769231	402227.751240551	294213.437413658	"2023"	44.1692268994193	2474.37544750653
"6.2"	-63.2513482926829	46.8322463414634	399439.65018915	329847.976858142	"2023"	2.35074350490314	7.1019115837316
"6.3"	-63.2510085365854	47.1676492682927	396738.067509929	366965.993357103	"2023"	0.526184041692879	0.355868976910757
"6.4"	-63.2500287804878	47.498067804878	394126.01073903	403517.092168064	"2023"	0.842415159025308	0.968754276895549
"6.5"	-63.248466	47.834712	391507.052326201	440741.797609754	"2023"	1.68979879046571	3.73998208770423
"6.6"	-63.2519595121951	48.1677836585366	388543.07675857	477527.130966415	"2023"	1.61255287826478	3.3188912848054
"6.7"	-63.2472797435897	48.4961161538462	386222.153699888	513817.841434508	"2023"	0.793008420404328	0.886440587637194
"6.8"	-63.2502525	48.70224625	384331.222462968	536562.272363894	"2023"	0.550247939259743	0.476327384663559
"7.1"	-63.7464597560976	46.8334304878049	361809.647637546	327345.59855544	"2023"	11.7317644073449	177.826999291065
"7.2"	-63.7521	47.16577375	358936.059132761	364112.673385711	"2023"	2.72129990963041	9.53486732143405
"7.3"	-63.749593902439	47.5006512195122	356661.650815312	401182.17278995	"2023"	3.23267837845854	13.1845552429577
"7.4"	-63.750308	47.833669	354159.767423131	438011.844371817	"2023"	4.46439922939077	25.1965313303725
"7.5"	-63.7489702439024	48.1676275609756	351804.534465203	474938.878470963	"2023"	5.66764265051702	41.1326551906545
"7.6"	-63.7488834146341	48.498637804878	349378.777948225	511518.254921844	"2023"	5.42599787851928	40.3903278712661
"7.7"	-63.7510243589744	48.8298515384615	346789.94894362	548094.97044429	"2023"	1.94738441698608	5.72649700575816
"8.1"	-64.3730758974359	46.8332743589744	314173.468348785	324368.658229168	"2023"	10.5127883915932	140.34502851709
"8.2"	-64.25039625	47.1666125	321306.779365656	361837.14568484	"2023"	16.2628926193207	331.813877870081
"8.3"	-64.250246097561	47.500507804878	319120.314489205	398802.322525997	"2023"	54.0854888328396	3655.65924094846
"8.4"	-64.2504348717949	47.8342966666667	316910.218128317	435736.23285387	"2023"	35.8028984510212	1642.20803337101
"8.5"	-64.2552680487805	48.16834	314356.094123475	472661.040811167	"2023"	53.1455580716186	3621.17203123108
"8.6"	-64.08243375	48.4981325	324886.569876582	509890.997265977	"2023"	22.9264409310762	689.601226512339
"8.7"	-64.0885979487179	48.7484051282051	322726.770506379	537518.766384427	"2023"	17.966872142435	438.804014503216
"9.1"	-64.6664007317073	46.8345875609756	291857.687428302	323272.120984389	"2023"	44.3743479297315	2490.50891508547
"9.2"	-64.74548	47.1700507317073	283890.788511935	360124.435980723	"2023"	42.5383704747635	2328.82551020134
"9.3"	-64.6624956097561	47.501352195122	288190.146874108	397146.465984739	"2023"	80.8478656033012	8403.25424995586
"9.4"	-64.75479125	47.93580625	278746.181661153	444868.431379192	"2023"	22.1333111626384	616.428525613532
"9.5"	-64.7479702564103	48.1625905128205	277936.605103154	469986.114073412	"2023"	77.2824359328483	7458.19135117868
"1.1"	-60.9173561290323	46.8318080645161	576506.761688737	345716.596799721	"2024"	2.77110310927045	9.83853005898849
"1.2"	-60.7518202564103	47.1677838461538	585015.132779311	384126.153365578	"2024"	6.02988387792386	49.0480213713726
"1.3"	-60.7518171794872	47.4991305128205	581044.327850851	420658.123280453	"2024"	2.15893653869159	7.31837374900859
"1.4"	-60.7516643243243	47.8320867567568	577067.272234514	457350.99505047	"2024"	0.795189166853363	1.02924637114731
"1.5"	-60.7526330555556	48.1658583333333	572999.485433382	494107.962817711	"2024"	0.203107904942582	0.0678381000098272
"10.1"	-65.248061	47.9340275	242069.540821145	442876.545197071	"2024"	3.8955256518671	19.8678087284987
"11.1"	-65.7493197435897	47.9999905128205	204495.759083768	448615.006944755	"2024"	9.95472674684605	130.175136425032
"12.1"	-66.12838	48.0495311111111	176144.283722934	453092.182698747	"2024"	2.30926404034963	7.5734032795237
"2.1"	-61.2526164102564	46.5002064102564	554828.325564076	306449.255368057	"2024"	1.12454336400033	1.58405285009475
"2.2"	-61.2438139473684	46.832285	551767.937178606	343195.641458842	"2024"	0.818643485874523	0.838995642707615
"2.3"	-61.252303	47.16639625	547376.253565787	380013.146143648	"2024"	1.72061481285422	3.90557774161263
"2.4"	-61.2342417073171	47.4981892682927	545005.94223114	416758.667907858	"2024"	2.85105031233325	10.8125430828098
"2.5"	-61.2438780487805	47.8291019512195	540572.515011676	453178.259948557	"2024"	1.55495640650361	3.44838345201236
"2.6"	-61.249757	48.164506	536377.311145493	490105.572835156	"2024"	0.804547286927018	1.04110451735167
"3.1"	-61.7637307692308	45.8336828205128	522781.229103154	228891.006830664	"2024"	14.2788526893634	256.499658980664
"3.2"	-61.75005525	46.1677375	520342.221395964	265956.570860579	"2024"	2.32106136635945	6.76655626725209
"3.3"	-61.7483046153846	46.4992884615385	517007.009451745	302635.547333685	"2024"	1.08498443629926	1.46752404998173
"3.4"	-61.74711625	46.832917	513607.623211568	339518.89023448	"2024"	0.453816837919051	0.263941219041781
"3.5"	-61.75069	47.1599873170732	509918.766809975	375623.75670084	"2024"	1.64332111222864	3.37653615750607
"3.6"	-61.8283812195122	47.5850885365854	499677.478040302	422010.615230489	"2024"	11.5628964325621	176.195359174096
"3.7"	-61.7473371052632	47.8309984210526	503161.171188203	449715.830809922	"2024"	4.87998742067952	32.5012542087431
"3.8"	-61.746232051282	48.1685343589744	499718.885476494	486955.508090221	"2024"	0.853018688050586	1.17767807823529
"3.9"	-61.7488010810811	48.3275886486486	497869.760815293	504476.493661616	"2024"	0.222712810146898	0.0818959491615675
"4.1"	-62.24718475	45.83468	485351.413587291	225595.978590349	"2024"	10.4110321944976	136.205869303767
"4.2"	-62.2434276923077	46.1633033333333	482452.767287601	262008.976970938	"2024"	10.6716965608676	142.881080526154
"4.3"	-62.250151025641	46.5709517948718	477985.988029402	307071.704417749	"2024"	3.3386413292363	13.8866643629897
"4.4"	-62.2505841463415	46.8321714634146	475423.655106098	335957.255319153	"2024"	0.5981216648469	0.445729990019131
"4.5"	-62.2521246341463	47.1651790243902	472084.728170839	372756.753925677	"2024"	1.20108141894856	1.8229562076525
"4.6"	-62.24517	47.5011043902439	469356.688484007	409915.382459566	"2024"	9.52508141285885	126.2844116691
"4.7"	-62.2483505128205	47.8323856410256	465914.59086071	446476.524059965	"2024"	4.01242854737746	23.1093558060825
"4.8"	-62.2504902564103	48.1688097435897	462504.340291844	483595.651234126	"2024"	1.19647615074441	2.3070613170049
"4.9"	-62.2470755263158	48.3859226315789	460657.842687668	507573.096047843	"2024"	0.164908587263672	0.0459403879783559
"5.1"	-62.7493007692308	46.5058253846154	440477.550379991	296661.878309954	"2024"	3.89616850266936	19.5698415410941
"5.2"	-62.7510334146341	46.8296082926829	437460.379930388	332481.664246332	"2024"	0.984819232365593	1.26775831152409
"5.3"	-62.7504125	47.16851725	434489.329611461	369969.419551971	"2024"	0.613429885067669	0.498275440301056
"5.4"	-62.7492063414634	47.4997248780488	431631.582391272	406589.877635884	"2024"	1.37046653226908	2.62462717372163
"5.5"	-62.74741075	47.83225475	428806.100789692	443342.162514868	"2024"	3.86799590216849	23.178671365553
"5.6"	-62.7519592682927	48.1672929268293	425489.201159275	480316.822176966	"2024"	1.50565133790525	3.70897686285607
"5.7"	-62.747265	48.4304765789474	423495.157736089	509399.680779149	"2024"	0.410954720843298	0.284996357406036
"6.1"	-63.2491402564103	46.5102930769231	402227.751240551	294213.437413658	"2024"	9.98630696324632	125.480714388474
"6.2"	-63.2513482926829	46.8322463414634	399439.65018915	329847.976858142	"2024"	1.1519378477449	1.71911056663858
"6.3"	-63.2510085365854	47.1676492682927	396738.067509929	366965.993357103	"2024"	0.664038709484039	0.621325685078674
"6.4"	-63.2500287804878	47.498067804878	394126.01073903	403517.092168064	"2024"	1.08255217693274	1.88127288439289
"6.5"	-63.248466	47.834712	391507.052326201	440741.797609754	"2024"	2.37827855441774	9.15401689526972
"6.6"	-63.2519595121951	48.1677836585366	388543.07675857	477527.130966415	"2024"	2.5646636903532	10.5043111308385
"6.7"	-63.2472797435897	48.4961161538462	386222.153699888	513817.841434508	"2024"	1.03642230592794	1.79722815488776
"6.8"	-63.2502525	48.70224625	384331.222462968	536562.272363894	"2024"	0.559470990966172	0.528917047528482
"7.1"	-63.7464597560976	46.8334304878049	361809.647637546	327345.59855544	"2024"	5.55838701711613	40.143881402942
"7.2"	-63.7521	47.16577375	358936.059132761	364112.673385711	"2024"	1.59438557325713	3.32190436821936
"7.3"	-63.749593902439	47.5006512195122	356661.650815312	401182.17278995	"2024"	1.9413567833824	5.70936771753142
"7.4"	-63.750308	47.833669	354159.767423131	438011.844371817	"2024"	4.04707101753561	25.8317114326423
"7.5"	-63.7489702439024	48.1676275609756	351804.534465203	474938.878470963	"2024"	4.78803776783455	37.1491608016341
"7.6"	-63.7488834146341	48.498637804878	349378.777948225	511518.254921844	"2024"	2.20124349394264	8.04841171593874
"7.7"	-63.7510243589744	48.8298515384615	346789.94894362	548094.97044429	"2024"	0.57681754240713	0.556502151938618
"8.1"	-64.3730758974359	46.8332743589744	314173.468348785	324368.658229168	"2024"	3.82283442835673	19.1613036530484
"8.2"	-64.25039625	47.1666125	321306.779365656	361837.14568484	"2024"	3.05987279393804	12.3684668523776
"8.3"	-64.250246097561	47.500507804878	319120.314489205	398802.322525997	"2024"	5.25273002231539	38.8494984038275
"8.4"	-64.2504348717949	47.8342966666667	316910.218128317	435736.23285387	"2024"	12.6029916076226	208.462783520448
"8.5"	-64.2552680487805	48.16834	314356.094123475	472661.040811167	"2024"	8.94303248447816	104.866609098942
"8.6"	-64.08243375	48.4981325	324886.569876582	509890.997265977	"2024"	3.59867803263031	20.9986523276754
"8.7"	-64.0885979487179	48.7484051282051	322726.770506379	537518.766384427	"2024"	2.45161645152195	9.8190794911618
"9.1"	-64.6664007317073	46.8345875609756	291857.687428302	323272.120984389	"2024"	8.8683006899868	102.643394947007
"9.2"	-64.74548	47.1700507317073	283890.788511935	360124.435980723	"2024"	3.90190099579875	19.8570388663255
"9.3"	-64.6624956097561	47.501352195122	288190.146874108	397146.465984739	"2024"	9.3363960394561	114.237576132412
"9.4"	-64.75479125	47.93580625	278746.181661153	444868.431379192	"2024"	5.34640441359446	40.2006493937688
"9.5"	-64.7479702564103	48.1625905128205	277936.605103154	469986.114073412	"2024"	10.0854229734505	138.851578385372
"1.1"	-60.9173561290323	46.8318080645161	576506.761688737	345716.596799721	"2025"	2.47934806836068	7.79418331286662
"1.2"	-60.7518202564103	47.1677838461538	585015.132779311	384126.153365578	"2025"	3.73102733634429	17.7712498081396
"1.3"	-60.7518171794872	47.4991305128205	581044.327850851	420658.123280453	"2025"	2.72058292229616	10.8566349020041
"1.4"	-60.7516643243243	47.8320867567568	577067.272234514	457350.99505047	"2025"	1.40176468758613	3.04113655838442
"1.5"	-60.7526330555556	48.1658583333333	572999.485433382	494107.962817711	"2025"	0.38495069517808	0.232720129236667
"10.1"	-65.248061	47.9340275	242069.540821145	442876.545197071	"2025"	9.59001526972058	118.476166275558
"11.1"	-65.7493197435897	47.9999905128205	204495.759083768	448615.006944755	"2025"	18.3672840058009	434.121357841927
"12.1"	-66.12838	48.0495311111111	176144.283722934	453092.182698747	"2025"	3.11448033345969	12.2727096764833
"2.1"	-61.2526164102564	46.5002064102564	554828.325564076	306449.255368057	"2025"	2.94373399035547	10.9274873268556
"2.2"	-61.2438139473684	46.832285	551767.937178606	343195.641458842	"2025"	1.62292447212451	3.3124765442619
"2.3"	-61.252303	47.16639625	547376.253565787	380013.146143648	"2025"	1.99186373731866	5.17337866349807
"2.4"	-61.2342417073171	47.4981892682927	545005.94223114	416758.667907858	"2025"	4.97410269992582	32.2379541211803
"2.5"	-61.2438780487805	47.8291019512195	540572.515011676	453178.259948557	"2025"	3.0059771545135	12.5005033666096
"2.6"	-61.249757	48.164506	536377.311145493	490105.572835156	"2025"	1.67513822998499	4.29057819875702
"3.1"	-61.7637307692308	45.8336828205128	522781.229103154	228891.006830664	"2025"	22.8282003371509	658.849284237817
"3.2"	-61.75005525	46.1677375	520342.221395964	265956.570860579	"2025"	5.72967063363292	41.6285764186628
"3.3"	-61.7483046153846	46.4992884615385	517007.009451745	302635.547333685	"2025"	6.22671435925783	48.9030769623053
"3.4"	-61.74711625	46.832917	513607.623211568	339518.89023448	"2025"	1.10436092914156	1.63841864201806
"3.5"	-61.75069	47.1599873170732	509918.766809975	375623.75670084	"2025"	1.08104968039155	1.46562250764303
"3.6"	-61.8283812195122	47.5850885365854	499677.478040302	422010.615230489	"2025"	4.77523831698132	29.5035574230439
"3.7"	-61.7473371052632	47.8309984210526	503161.171188203	449715.830809922	"2025"	6.88735556028063	63.7217416796843
"3.8"	-61.746232051282	48.1685343589744	499718.885476494	486955.508090221	"2025"	1.61538425188121	4.01311814277038
"3.9"	-61.7488010810811	48.3275886486486	497869.760815293	504476.493661616	"2025"	0.407011851452794	0.261554412819893
"4.1"	-62.24718475	45.83468	485351.413587291	225595.978590349	"2025"	14.4041322788614	261.933616564885
"4.2"	-62.2434276923077	46.1633033333333	482452.767287601	262008.976970938	"2025"	19.1577032663632	464.088571047127
"4.3"	-62.250151025641	46.5709517948718	477985.988029402	307071.704417749	"2025"	7.48746897017358	70.4008929151297
"4.4"	-62.2505841463415	46.8321714634146	475423.655106098	335957.255319153	"2025"	0.540437273412879	0.365981557510666
"4.5"	-62.2521246341463	47.1651790243902	472084.728170839	372756.753925677	"2025"	0.465488406573823	0.271947395707246
"4.6"	-62.24517	47.5011043902439	469356.688484007	409915.382459566	"2025"	4.54039580287726	26.6687755533631
"4.7"	-62.2483505128205	47.8323856410256	465914.59086071	446476.524059965	"2025"	5.10453793339895	34.8498177389383
"4.8"	-62.2504902564103	48.1688097435897	462504.340291844	483595.651234126	"2025"	1.73394948720381	4.49244403203871
"4.9"	-62.2470755263158	48.3859226315789	460657.842687668	507573.096047843	"2025"	0.220081754977849	0.079471437667106
"5.1"	-62.7493007692308	46.5058253846154	440477.550379991	296661.878309954	"2025"	9.82468412786725	124.587230256759
"5.2"	-62.7510334146341	46.8296082926829	437460.379930388	332481.664246332	"2025"	1.52475827552294	2.99721843893342
"5.3"	-62.7504125	47.16851725	434489.329611461	369969.419551971	"2025"	0.839755904147207	0.891438461941778
"5.4"	-62.7492063414634	47.4997248780488	431631.582391272	406589.877635884	"2025"	3.14900917164997	12.5181152860014
"5.5"	-62.74741075	47.83225475	428806.100789692	443342.162514868	"2025"	4.65659580202275	28.2626564308544
"5.6"	-62.7519592682927	48.1672929268293	425489.201159275	480316.822176966	"2025"	1.35550919207911	2.6633823081466
"5.7"	-62.747265	48.4304765789474	423495.157736089	509399.680779149	"2025"	0.362157904241582	0.211999723747539
"6.1"	-63.2491402564103	46.5102930769231	402227.751240551	294213.437413658	"2025"	18.9902752921141	453.355647955299
"6.2"	-63.2513482926829	46.8322463414634	399439.65018915	329847.976858142	"2025"	2.88763908612387	10.5244320827253
"6.3"	-63.2510085365854	47.1676492682927	396738.067509929	366965.993357103	"2025"	1.99099567717426	4.98872543934174
"6.4"	-63.2500287804878	47.498067804878	394126.01073903	403517.092168064	"2025"	4.42468002297198	25.0835363979948
"6.5"	-63.248466	47.834712	391507.052326201	440741.797609754	"2025"	2.91152727790967	10.8346407611783
"6.6"	-63.2519595121951	48.1677836585366	388543.07675857	477527.130966415	"2025"	1.74353492214328	3.91224053553513
"6.7"	-63.2472797435897	48.4961161538462	386222.153699888	513817.841434508	"2025"	0.802562408748799	0.956994919766215
"6.8"	-63.2502525	48.70224625	384331.222462968	536562.272363894	"2025"	0.487446443566205	0.383698925052678
"7.1"	-63.7464597560976	46.8334304878049	361809.647637546	327345.59855544	"2025"	18.0741552260553	422.554801604895
"7.2"	-63.7521	47.16577375	358936.059132761	364112.673385711	"2025"	7.35640543959009	69.7713903643541
"7.3"	-63.749593902439	47.5006512195122	356661.650815312	401182.17278995	"2025"	6.78827994977974	57.8948148100237
"7.4"	-63.750308	47.833669	354159.767423131	438011.844371817	"2025"	6.18709299656975	48.124691023387
"7.5"	-63.7489702439024	48.1676275609756	351804.534465203	474938.878470963	"2025"	4.08744953795953	21.2497104458369
"7.6"	-63.7488834146341	48.498637804878	349378.777948225	511518.254921844	"2025"	2.01466021951469	5.43125730188299
"7.7"	-63.7510243589744	48.8298515384615	346789.94894362	548094.97044429	"2025"	0.615688941185642	0.567915584208231
"8.1"	-64.3730758974359	46.8332743589744	314173.468348785	324368.658229168	"2025"	10.3849394877765	140.602800350409
"8.2"	-64.25039625	47.1666125	321306.779365656	361837.14568484	"2025"	31.0585516369991	1246.83513107059
"8.3"	-64.250246097561	47.500507804878	319120.314489205	398802.322525997	"2025"	32.3604313348546	1320.44374084844
"8.4"	-64.2504348717949	47.8342966666667	316910.218128317	435736.23285387	"2025"	51.2184910262284	3364.21465323125
"8.5"	-64.2552680487805	48.16834	314356.094123475	472661.040811167	"2025"	13.6835809270496	239.749301556883
"8.6"	-64.08243375	48.4981325	324886.569876582	509890.997265977	"2025"	4.02991867409674	20.9342459596482
"8.7"	-64.0885979487179	48.7484051282051	322726.770506379	537518.766384427	"2025"	2.95251230954926	11.6304642443739
"9.1"	-64.6664007317073	46.8345875609756	291857.687428302	323272.120984389	"2025"	39.4119703876911	2015.56268173758
"9.2"	-64.74548	47.1700507317073	283890.788511935	360124.435980723	"2025"	62.6042431053739	5089.18643137183
"9.3"	-64.6624956097561	47.501352195122	288190.146874108	397146.465984739	"2025"	104.734476033922	14196.2971255921
"9.4"	-64.75479125	47.93580625	278746.181661153	444868.431379192	"2025"	20.709720815478	541.931562923111
"9.5"	-64.7479702564103	48.1625905128205	277936.605103154	469986.114073412	"2025"	21.454447681941	574.800760828962
