"year","NL","sGSL"
2022,0.691943484723956,0.316915666385622
2023,0.259039997320591,0.0941299132470591
2024,NA,0.548162302858641
