"year","NL","sGSL"
2022,0.691943484723956,0.316163069090903
2023,0.259039997320591,0.0900023457128678
2024,0.607477644290531,0.544312028304929
